Parcela;n;Especie;dap
1;1;Myrsine umbellata Mart.;12,73239545
1;2;Allophylus edulis (A.St.-Hil., Cambess. & A.Juss.) Radlk.;8,594366927
1;3;Myrsine umbellata Mart.;7,002817496
1;4;Myrsine umbellata Mart.;7,639437268
1;5;Myrsine umbellata Mart.;6,68450761
1;6;Eugenia pluriflora DC.;5,252113122
1;7;Solanum sanctaecatharinae Dunal;6,725986566
1;8;Podocarpus lambertii Klotzsch ex Endl.;17,44338176
1;9;Matayba elaeagnoides Radlk.;16,71126902
1;10;Gochnatia polymorpha (Less.) Cabrera;14,96056465
1;11;Solanum sanctaecatharinae Dunal;19,8625369
1;12;Araucaria angustifolia (Bertol.) Kuntze;4,965634224
1;13;Casearia decandra Jacq.;4,774648293
1;14;Podocarpus lambertii Klotzsch ex Endl.;7,130141451
1;15;Zanthoxylum kleinii (R.S.Cowan) P.G.Waterman;5,379437077
1;16;Jacaranda puberula Cham.;9,45380362
1;17;Calyptranthes concinna DC.;5,411268065
1;18;Duranta vestita Cham.;5,315775099
1;19;Jacaranda puberula Cham.;9,230986699
1;20;Myrcia laruotteana Cambess.;15,96142382
1;21;Lithraea brasiliensis Marchand;19,79887492
1;22;Lithraea brasiliensis Marchand;16,80676199
1;23;Duranta vestita Cham.;9,421972631
1;24;Casearia decandra Jacq.;8,350464166
1;25;Jacaranda puberula Cham.;10,37690229
1;26;Ilex theezans Mart. ex Reissek;9,390141642
1;27;Ocotea pulchella Mart.;26,26056561
1;28;Casearia decandra Jacq.;8,276057041
1;29;Podocarpus lambertii Klotzsch ex Endl.;9,071831756
1;30;Casearia decandra Jacq.;6,68450761
1;31;Gochnatia polymorpha (Less.) Cabrera;33,76469773
1;32;Casearia decandra Jacq.;5,825070917
1;33;Cupania vernalis Cambess.;5,092958179
1;34;Jacaranda puberula Cham.;5,092958179
1;35;Maytenus dasyclada Mart.;11,26124415
1;36;Matayba elaeagnoides Radlk.;6,079718826
1;37;Matayba elaeagnoides Radlk.;24,82817112
1;38;Casearia decandra Jacq.;8,244226052
1;39;Lithraea brasiliensis Marchand;28,17042493
1;40;Gochnatia polymorpha (Less.) Cabrera;23,23662169
1;41;Erythroxylum deciduum A.St.-Hil.;24,35070629
1;42;Zanthoxylum kleinii (R.S.Cowan) P.G.Waterman;5,156620156
1;43;Jacaranda puberula Cham.;11,4591559
1;44;Jacaranda puberula Cham.;11,80929678
1;45;Lithraea brasiliensis Marchand;5,952394872
1;46;Ocotea pulchella Mart.;28,71155173
2;47;Podocarpus lambertii Klotzsch ex Endl.;7,543944303
2;48;Jacaranda puberula Cham.;14,96056465
2;50;Solanum sanctaecatharinae Dunal;5,411268065
2;51;Eugenia pluriflora DC.;13,05070533
2;52;Myrsine umbellata Mart.;10,56788822
2;53;Podocarpus lambertii Klotzsch ex Endl.;25,74660686
2;54;Calyptranthes concinna DC.;6,175211792
2;55;Eugenia pluriflora DC.;9,071831756
2;56;Gochnatia polymorpha (Less.) Cabrera;32,21296048
2;57;Scutia buxifolia Reissek;9,89943746
2;58;Calyptranthes concinna DC.;12,16089579
2;59;Casearia obliqua Spreng.;7,161972439
2;60;Cupania vernalis Cambess.;26,36107494
2;61;Podocarpus lambertii Klotzsch ex Endl.;8,371550007
2;62;Dasyphyllum spinescens (Less.) Cabrera;63,34366735
2;63;Cupania vernalis Cambess.;21,11601665
2;64;Podocarpus lambertii Klotzsch ex Endl.;20,53098766
2;65;Cupania vernalis Cambess.;15,40619849
2;66;Drimys brasiliensis Miers;7,957747155
2;67;Myrsine umbellata Mart.;20,37183272
2;68;Ocotea pulchella Mart.;42,97183463
2;69;Lithraea brasiliensis Marchand;27,50197417
2;70;Araucaria angustifolia (Bertol.) Kuntze;42,2397219
2;71;Eugenia pluriflora DC.;6,047887837
2;72;Jacaranda puberula Cham.;7,703099246
2;73;Eugenia pluriflora DC.;5,888732894
2;74;Casearia decandra Jacq.;6,589014644
2;75;Araucaria angustifolia (Bertol.) Kuntze;12,41408556
2;76;Jacaranda puberula Cham.;12,73239545
2;77;Jacaranda puberula Cham.;6,366197724
2;78;Calyptranthes concinna DC.;5,220282133
2;79;Jacaranda puberula Cham.;7,543944303
2;80;Jacaranda puberula Cham.;6,238873769
2;81;Lamanonia ternata Vell.;5,195866567
2;100;Jacaranda puberula Cham.;11,30000096
3;82;Drimys brasiliensis Miers;6,047887837
3;83;Duranta vestita Cham.;11,84112777
3;84;Jacaranda puberula Cham.;6,270704758
3;85;Jacaranda puberula Cham.;13,68732511
3;86;Solanum sanctaecatharinae Dunal;12,28676161
3;87;Jacaranda puberula Cham.;19,25774811
3;88;Solanum sanctaecatharinae Dunal;13,14311503
3;89;Solanum sanctaecatharinae Dunal;5,98422586
3;90;Xylosma tweediana (Clos) Eichler;6,525352667
3;91;Jacaranda puberula Cham.;10,79070514
3;92;Jacaranda puberula Cham.;8,148733086
3;93;Jacaranda puberula Cham.;20,18084678
3;94;Lithraea brasiliensis Marchand;21,8042272
3;95;Myrcia laruotteana Cambess.;4,997465213
3;96;Jacaranda puberula Cham.;9,390141642
3;97;Eugenia pluriflora DC.;6,175211792
3;98;Cinnamomum amoenum (Nees & Mart.) Kosterm.;45,32732779
3;99;Casearia decandra Jacq.;10,18591636
3;344;Myrrhinium atropurpureum Schott;15,40619849
3;345;Myrcia hatschbachii D.Legrand;7,671268257
3;346;Jacaranda puberula Cham.;19,41690306
3;347;Jacaranda puberula Cham.;11,01352206
3;348;Jacaranda puberula Cham.;8,75352187
3;349;Podocarpus lambertii Klotzsch ex Endl.;31,0352139
3;350;Lamanonia ternata Vell.;63,66197724
3;351;Banara tomentosa Clos;5,092958179
3;353;Myrcia hatschbachii D.Legrand;9,071831756
3;354;Cupania vernalis Cambess.;9,772113506
3;355;Eugenia pluriflora DC.;29,88929831
3;356;Solanum sanctaecatharinae Dunal;12,41408556
3;357;Jacaranda puberula Cham.;12,50957853
4;101;Araucaria angustifolia (Bertol.) Kuntze;11,77746579
4;102;Casearia obliqua Spreng.;22,28169203
4;103;Eugenia pluriflora DC.;5,156620156
4;104;Cupania vernalis Cambess.;14,64225476
4;105;Myrsine umbellata Mart.;5,98422586
4;106;Jacaranda puberula Cham.;12,63690248
4;107;Prunus myrtifolia (L.) Urb.;15,27887454
4;108;Solanum sanctaecatharinae Dunal;18,14366351
4;109;Podocarpus lambertii Klotzsch ex Endl.;5,092958179
4;110;Jacaranda puberula Cham.;11,30000096
4;111;Podocarpus lambertii Klotzsch ex Endl.;5,188451145
4;112;Jacaranda puberula Cham.;13,75098708
4;113;Coutarea hexandra (Jacq.) K.Schum.;14,32394488
4;114;Casearia obliqua Spreng.;29,76197436
4;115;Jacaranda puberula Cham.;11,14084602
4;116;Jacaranda puberula Cham.;17,12507188
4;117;Blepharocalyx salicifolius (Kunth) O.Berg;5,092958179
4;118;Jacaranda puberula Cham.;9,867606472
4;119;Jacaranda puberula Cham.;14,64225476
4;120;Calyptranthes concinna DC.;8,292812562
4;121;Casearia obliqua Spreng.;6,843662553
4;122;Jacaranda puberula Cham.;8,435211984
4;123;Jacaranda puberula Cham.;15,59718442
4;124;Jacaranda puberula Cham.;15,75633937
4;125;Jacaranda puberula Cham.;5,729577951
4;126;Casearia obliqua Spreng.;20,21267777
4;127;Jacaranda puberula Cham.;6,175211792
4;128;Jacaranda puberula Cham.;10,9180291
4;129;Casearia obliqua Spreng.;5,029296202
4;130;Casearia obliqua Spreng.;10,6315502
4;131;Jacaranda puberula Cham.;7,416620348
4;358;Jacaranda puberula Cham.;5,411268065
4;359;Jacaranda puberula Cham.;6,016056849
4;360;Araucaria angustifolia (Bertol.) Kuntze;19,22591713
4;361;Casearia obliqua Spreng.;15,85183233
4;362;Banara tomentosa Clos;9,62880829
4;363;Myrcia laruotteana Cambess.;9,612958563
4;364;Drimys brasiliensis Miers;5,443099054
4;365;Casearia obliqua Spreng.;7,448451337
4;366;Jacaranda puberula Cham.;5,474930042
4;367;Jacaranda puberula Cham.;17,60253671
4;368;Myrsine umbellata Mart.;24,6053542
4;369;Cupania vernalis Cambess.;21,13577644
4;370;Casearia decandra Jacq.;5,029296202
4;371;Jacaranda puberula Cham.;6,68450761
4;372;Calyptranthes concinna DC.;11,30000096
4;373;Casearia obliqua Spreng.;7,957747155
4;375;Casearia obliqua Spreng.;9,262817688
4;376;Araucaria angustifolia (Bertol.) Kuntze;5,53859202
4;377;Eugenia pluriflora DC.;9,931268449
4;378;Jacaranda puberula Cham.;7,894085177
4;379;Jacaranda puberula Cham.;12,39256058
4;380;Araucaria angustifolia (Bertol.) Kuntze;5,156620156
5;381;Casearia decandra Jacq.;9,969250174
5;382;Myrcia hatschbachii D.Legrand;6,602456062
5;383;Casearia obliqua Spreng.;20,30293142
5;384;Casearia decandra Jacq.;11,14084602
5;385;Jacaranda puberula Cham.;9,740282517
5;386;Casearia decandra Jacq.;5,220282133
5;387;Matayba elaeagnoides Radlk.;43,09915859
5;388;Jacaranda puberula Cham.;8,75352187
5;389;Jacaranda puberula Cham.;15,59718442
5;390;Casearia decandra Jacq.;9,135493733
5;391;Matayba elaeagnoides Radlk.;33,67718596
5;392;Lamanonia ternata Vell.;9,708451529
5;393;Cupania vernalis Cambess.;5,443099054
5;394;Myrcianthes gigantea (D.Legrand) D.Legrand;5,06112719
5;395;Myrcia hatschbachii D.Legrand;10,28140932
5;396;Matayba elaeagnoides Radlk.;34,05915782
5;397;Casearia decandra Jacq.;5,411268065
5;398;Jacaranda puberula Cham.;16,2338042
5;399;Jacaranda puberula Cham.;7,970215135
5;400;Jacaranda puberula Cham.;5,411268065
5;401;Jacaranda puberula Cham.;11,65014183
5;402;Solanum sanctaecatharinae Dunal;35,30056638
5;403;Jacaranda puberula Cham.;12,70056446
5;404;Araucaria angustifolia (Bertol.) Kuntze;35,01408748
5;405;Annona rugulosa (Schltdl.) H.Rainer;5,347606088
5;406;Banara tomentosa Clos;8,276057041
5;407;Lithraea brasiliensis Marchand;22,15436808
5;408;Araucaria angustifolia (Bertol.) Kuntze;5,602253997
5;409;Jacaranda puberula Cham.;13,36901522
5;410;Matayba elaeagnoides Radlk.;21,8042272
5;411;Araucaria angustifolia (Bertol.) Kuntze;21,64507226
5;412;Araucaria angustifolia (Bertol.) Kuntze;7,766761223
5;413;Araucaria angustifolia (Bertol.) Kuntze;12,06394469
5;414;Eugenia pluriflora DC.;6,047887837
5;415;Araucaria angustifolia (Bertol.) Kuntze;33,26338311
5;416;Casearia decandra Jacq.;10,60358984
5;417;Casearia decandra Jacq.;11,97492622
5;418;Myrsine umbellata Mart.;16,67943804
5;419;Banara tomentosa Clos;5,697746963
5;420;Zanthoxylum rhoifolium Lam.;16,2338042
5;421;Jacaranda puberula Cham.;5,697746963
5;422;Jacaranda puberula Cham.;16,2338042
5;423;Ocotea pulchella Mart.;7,575775291
5;424;Jacaranda puberula Cham.;7,894085177
5;425;Jacaranda puberula Cham.;10,21774735
5;426;Jacaranda puberula Cham.;16,07464925
5;427;Jacaranda puberula Cham.;12,70056446
5;428;Jacaranda puberula Cham.;11,80929678
5;429;Jacaranda puberula Cham.;14,64225476
5;430;Jacaranda puberula Cham.;7,416620348
5;431;Jacaranda puberula Cham.;8,951528254
5;432;Casearia decandra Jacq.;7,289296394
5;433;Jacaranda puberula Cham.;5,411268065
6;434;Campomanesia xanthocarpa O.Berg;18,1754945
6;435;Casearia decandra Jacq.;9,167324722
6;436;Banara tomentosa Clos;5,124789168
6;437;Podocarpus lambertii Klotzsch ex Endl.;11,48203369
6;438;Casearia decandra Jacq.;5,411268065
6;439;Blepharocalyx salicifolius (Kunth) O.Berg;11,14084602
6;440;Araucaria angustifolia (Bertol.) Kuntze;50,99324377
6;441;Casearia decandra Jacq.;6,46169069
6;442;Blepharocalyx salicifolius (Kunth) O.Berg;10,43886583
6;443;Myrcia hatschbachii D.Legrand;22,86876548
6;444;Lithraea brasiliensis Marchand;45,10451087
6;445;Drimys brasiliensis Miers;6,68450761
6;446;Drimys brasiliensis Miers;8,05324012
6;447;Casearia obliqua Spreng.;8,958769402
6;448;Casearia decandra Jacq.;5,729577951
6;449;Drimys brasiliensis Miers;4,997465213
6;450;Casearia decandra Jacq.;20,99151736
6;452;Dasyphyllum tomentosum (Spreng.) Cabrera;46,31408844
6;453;Calyptranthes concinna DC.;9,485634608
6;454;Calyptranthes concinna DC.;22,24626326
6;456;Campomanesia xanthocarpa O.Berg;21,9293566
6;457;Eugenia pluriflora DC.;6,270704758
7;458;Lithraea brasiliensis Marchand;27,02450934
7;459;Solanum sanctaecatharinae Dunal;22,60000192
7;460;Ocotea pulchella Mart.;24,95549508
7;461;Eugenia pluriflora DC.;5,570423008
7;462;Araucaria angustifolia (Bertol.) Kuntze;21,86788918
7;463;Casearia decandra Jacq.;5,506761031
7;464;Jacaranda puberula Cham.;9,740282517
7;465;Araucaria angustifolia (Bertol.) Kuntze;6,207042781
7;466;Casearia obliqua Spreng.;6,594855425
7;467;Casearia obliqua Spreng.;6,238873769
7;468;Araucaria angustifolia (Bertol.) Kuntze;6,079718826
7;469;Drimys brasiliensis Miers;5,606683264
7;470;Xylosma ciliatifolia (Clos) Eichler;13,4326772
7;471;Araucaria angustifolia (Bertol.) Kuntze;19,03493119
7;472;Casearia decandra Jacq.;13,65549412
7;473;Casearia decandra Jacq.;5,283944111
7;474;Dasyphyllum tomentosum (Spreng.) Cabrera;29,79380535
7;475;Drimys brasiliensis Miers;9,867606472
7;476;Araucaria angustifolia (Bertol.) Kuntze;7,543944303
7;477;Dasyphyllum spinescens (Less.) Cabrera;13,78281807
7;478;Jacaranda puberula Cham.;6,90732453
7;479;Dasyphyllum spinescens (Less.) Cabrera;12,95521237
7;480;Jacaranda puberula Cham.;10,0585924
7;481;Clethra scabra Pers.;6,939155519
7;482;Araucaria angustifolia (Bertol.) Kuntze;7,416620348
7;483;Araucaria angustifolia (Bertol.) Kuntze;43,3538065
7;484;Myrsine sp.;9,103662745
7;485;Casearia decandra Jacq.;7,760105172
7;486;Eugenia pluriflora DC.;11,26816997
7;487;Banara tomentosa Clos;5,06112719
7;488;Dasyphyllum tomentosum (Spreng.) Cabrera;38,83380611
7;489;Cinnamomum amoenum (Nees & Mart.) Kosterm.;10,76936949
7;491;Dasyphyllum tomentosum (Spreng.) Cabrera;15,97915629
7;492;Araucaria angustifolia (Bertol.) Kuntze;15,69267739
7;493;Araucaria angustifolia (Bertol.) Kuntze;24,09605838
7;494;Machaerium paraguariense Hassl.;23,87324146
7;495;Solanum sanctaecatharinae Dunal;7,193803428
7;496;Myrcia palustris DC.;5,220282133
7;497;Casearia decandra Jacq.;6,875493542
7;498;Araucaria angustifolia (Bertol.) Kuntze;5,920563883
8;499;Lithraea brasiliensis Marchand;23,30028367
8;500;Casearia decandra Jacq.;7,257465405
8;501;Prunus myrtifolia (L.) Urb.;35,87352417
8;502;Lithraea brasiliensis Marchand;6,238873769
8;503;Myrsine umbellata Mart.;13,62366313
8;504;Myrsine umbellata Mart.;21,00845249
8;505;Eugenia pluriflora DC.;15,15683254
8;506;Cedrela fissilis Vell.;15,82000134
8;507;Xylosma ciliatifolia (Clos) Eichler;17,0614099
8;508;Cedrela fissilis Vell.;6,047887837
8;509;Annona rugulosa (Schltdl.) H.Rainer;5,53859202
8;510;Annona rugulosa (Schltdl.) H.Rainer;11,23633898
8;511;Zanthoxylum kleinii (R.S.Cowan) P.G.Waterman;15,82637266
8;512;Araucaria angustifolia (Bertol.) Kuntze;11,65014183
8;513;Duranta vestita Cham.;13,04938545
8;514;Zanthoxylum kleinii (R.S.Cowan) P.G.Waterman;10,15408537
8;515;Jacaranda puberula Cham.;5,283944111
8;516;Solanum pabstii L.B.Sm. & Downs;5,092958179
8;517;Casearia obliqua Spreng.;11,61831085
8;518;Araucaria angustifolia (Bertol.) Kuntze;8,307888029
8;519;Araucaria angustifolia (Bertol.) Kuntze;35,65070725
8;520;Myrsine umbellata Mart.;10,90168376
8;521;Casearia decandra Jacq.;6,079718826
8;522;Zanthoxylum kleinii (R.S.Cowan) P.G.Waterman;6,68450761
8;523;Podocarpus lambertii Klotzsch ex Endl.;5,124789168
8;524;Solanum sanctaecatharinae Dunal;6,302535746
8;525;Calyptranthes concinna DC.;5,624365453
8;526;Cedrela fissilis Vell.;9,867606472
8;528;Araucaria angustifolia (Bertol.) Kuntze;42,55803178
8;529;Casearia decandra Jacq.;5,888732894
8;530;Drimys brasiliensis Miers;9,252694058
8;531;Cedrela fissilis Vell.;9,89943746
8;532;Araucaria angustifolia (Bertol.) Kuntze;30,74873501
8;533;Myrsine umbellata Mart.;18,68479032
8;534;Drimys brasiliensis Miers;8,449613722
8;535;Araucaria angustifolia (Bertol.) Kuntze;12,15943765
8;536;Cinnamomum amoenum (Nees & Mart.) Kosterm.;34,63211562
8;537;Cedrela fissilis Vell.;12,00028271
8;538;Araucaria angustifolia (Bertol.) Kuntze;28,96619964
9;539;Annona rugulosa (Schltdl.) H.Rainer;5,697746963
9;540;Annona rugulosa (Schltdl.) H.Rainer;5,188451145
9;541;Casearia decandra Jacq.;5,029296202
9;542;Zanthoxylum kleinii (R.S.Cowan) P.G.Waterman;13,49633917
9;543;Annona rugulosa (Schltdl.) H.Rainer;5,315775099
9;544;Jacaranda puberula Cham.;8,085071109
9;545;Banara tomentosa Clos;11,14084602
9;546;Jacaranda puberula Cham.;8,403380995
9;547;Lamanonia ternata Vell.;7,321127382
9;548;Araucaria angustifolia (Bertol.) Kuntze;31,3216928
9;549;Casearia decandra Jacq.;5,411268065
9;550;Casearia obliqua Spreng.;8,180564075
9;551;Cedrela fissilis Vell.;15,88366332
9;552;Ocotea pulchella Mart.;5,124789168
9;553;Jacaranda puberula Cham.;10,3450713
9;554;Dasyphyllum tomentosum (Spreng.) Cabrera;14,48309982
9;555;Casearia decandra Jacq.;6,047887837
9;556;Myrsine umbellata Mart.;8,37173155
9;557;Cedrela fissilis Vell.;20,1490158
9;558;Casearia decandra Jacq.;6,810715901
9;559;Casearia decandra Jacq.;5,474930042
9;560;Annona rugulosa (Schltdl.) H.Rainer;8,498873961
9;561;Scutia buxifolia Reissek;6,46169069
9;562;Myrsine coriacea (Sw.) Roem. & Schult.;11,58647986
9;563;Jacaranda puberula Cham.;8,021409132
9;564;Araucaria angustifolia (Bertol.) Kuntze;7,703099246
9;565;Duranta vestita Cham.;6,175211792
9;566;Myrsine umbellata Mart.;5,856901906
9;567;Araucaria angustifolia (Bertol.) Kuntze;5,092958179
9;568;Jacaranda puberula Cham.;9,199155711
9;569;Casearia obliqua Spreng.;9,644789551
9;570;Casearia decandra Jacq.;6,652676621
10;571;Lithraea brasiliensis Marchand;23,45943861
10;572;Casearia decandra Jacq.;8,021409132
10;573;Prunus myrtifolia (L.) Urb.;24,22338234
10;574;Podocarpus lambertii Klotzsch ex Endl.;5,092958179
10;575;Allophylus guaraniticus (A.St.-Hil.) Radlk.;16,45662112
10;576;Eugenia pluriflora DC.;8,97633879
10;577;Araucaria angustifolia (Bertol.) Kuntze;38,13352436
10;578;Casearia decandra Jacq.;5,920563883
10;579;Casearia decandra Jacq.;6,589014644
10;580;Ocotea pulchella Mart.;38,89746809
10;581;Vernonanthura discolor (Spreng.) H.Rob.;27,53380515
10;582;Casearia decandra Jacq.;7,575775291
10;583;Duranta vestita Cham.;7,352958371
10;584;Duranta vestita Cham.;7,377376702
10;585;Symplocos uniflora (Pohl) Benth.;15,56535343
10;586;Calyptranthes concinna DC.;5,856901906
10;587;Duranta vestita Cham.;5,252113122
10;588;Duranta vestita Cham.;7,161972439
10;589;Duranta vestita Cham.;6,589014644
10;590;Duranta vestita Cham.;5,220282133
10;591;Celtis iguanaea (Jacq.) Sarg.;9,549296586
10;592;Celtis iguanaea (Jacq.) Sarg.;7,512113314
10;593;Myrsine umbellata Mart.;15,3743675
10;594;Rhamnus sphaerosperma Sw.;5,315775099
10;595;Myrceugenia oxysepala (Burret) D.Legrand & Kausel;5,888732894
10;597;Podocarpus lambertii Klotzsch ex Endl.;18,01633956
10;598;Jacaranda puberula Cham.;12,41408556
10;599;Myrsine umbellata Mart.;7,575775291
10;601;Calyptranthes concinna DC.;6,525352667
10;602;Calyptranthes concinna DC.;5,599540471
10;603;Calyptranthes concinna DC.;11,87504935
10;604;Casearia decandra Jacq.;17,41155077
10;605;Dasyphyllum spinescens (Less.) Cabrera;25,40112892
10;606;Myrcia guianensis (Aubl.) DC.;11,87295875
10;607;Coutarea hexandra (Jacq.) K.Schum.;4,997465213
10;608;Sapium glandulosum (L.) Morong;10,82253613
10;609;Drimys brasiliensis Miers;5,315775099
11;610;Araucaria angustifolia (Bertol.) Kuntze;11,04535305
11;611;Banara tomentosa Clos;8,371550007
11;612;Lithraea brasiliensis Marchand;13,8072394
11;613;Ocotea pulchella Mart.;22,91831181
11;614;Casearia decandra Jacq.;11,33183195
11;615;Myrsine coriacea (Sw.) Roem. & Schult.;17,12507188
11;616;Casearia decandra Jacq.;10,9180291
11;617;Lithraea brasiliensis Marchand;5,729577951
11;618;Ilex theezans Mart. ex Reissek;12,79605742
11;619;Ilex theezans Mart. ex Reissek;6,525352667
11;622;Calyptranthes concinna DC.;6,079718826
11;623;Dasyphyllum tomentosum (Spreng.) Cabrera;16,4884521
11;624;Lithraea brasiliensis Marchand;8,05324012
11;625;Araucaria angustifolia (Bertol.) Kuntze;32,84958025
11;626;Ilex theezans Mart. ex Reissek;6,334366735
11;627;Lithraea brasiliensis Marchand;24,17785177
11;628;Myrcia laruotteana Cambess.;5,092958179
11;629;Myrcia palustris DC.;6,46169069
11;630;Calyptranthes concinna DC.;9,356469905
11;631;Gochnatia polymorpha (Less.) Cabrera;24,15972036
11;632;Ilex theezans Mart. ex Reissek;6,175211792
11;633;Araucaria angustifolia (Bertol.) Kuntze;47,68282095
11;634;Araucaria angustifolia (Bertol.) Kuntze;13,71915609
11;635;Myrciaria;6,102507767
11;636;Dasyphyllum tomentosum (Spreng.) Cabrera;11,7456348
11;637;Araucaria angustifolia (Bertol.) Kuntze;25,14648101
11;638;Sapium glandulosum (L.) Morong;17,02957891
11;639;Lithraea brasiliensis Marchand;21,16552515
11;640;Casearia decandra Jacq.;10,02676141
11;641;Matayba elaeagnoides Radlk.;6,429859701
11;642;Sapium glandulosum (L.) Morong;6,111549815
11;643;Lithraea brasiliensis Marchand;23,90507245
11;644;Lithraea brasiliensis Marchand;26,92990055
11;645;Casearia decandra Jacq.;8,689859893
11;646;Calyptranthes concinna DC.;7,604209328
11;647;Myrcia palustris DC.;6,811831564
11;648;Xylosma ciliatifolia (Clos) Eichler;5,602253997
11;649;Araucaria angustifolia (Bertol.) Kuntze;4,074366543
11;650;Myrsine coriacea (Sw.) Roem. & Schult.;6,047887837
11;651;Drimys brasiliensis Miers;13,12340358
11;652;Zanthoxylum rhoifolium Lam.;8,498873961
12;653;Podocarpus lambertii Klotzsch ex Endl.;6,652676621
12;654;Podocarpus lambertii Klotzsch ex Endl.;6,334366735
12;655;Podocarpus lambertii Klotzsch ex Endl.;8,085071109
12;657;Myrcia laruotteana Cambess.;8,467042972
12;658;Myrsine umbellata Mart.;8,307888029
12;659;Ocotea pulchella Mart.;19,73521294
12;660;Araucaria angustifolia (Bertol.) Kuntze;30,87605896
12;661;Ilex dumosa Reissek;6,207042781
12;662;Casearia decandra Jacq.;16,37626254
12;663;Myrsine umbellata Mart.;11,61831085
12;664;Araucaria angustifolia (Bertol.) Kuntze;9,103662745
12;665;Myrsine umbellata Mart.;9,963099438
12;666;Casearia decandra Jacq.;11,23633898
12;667;Lithraea brasiliensis Marchand;19,63971998
12;668;Podocarpus lambertii Klotzsch ex Endl.;23,87324146
12;669;Drimys brasiliensis Miers;8,371550007
12;670;Lithraea brasiliensis Marchand;14,00563499
12;671;Myrsine coriacea (Sw.) Roem. & Schult.;14,19662092
12;672;Piptocarpha angustifolia Dusén ex Malme;16,87042397
12;673;Myrsine umbellata Mart.;17,99608231
12;674;Lithraea brasiliensis Marchand;24,92366409
12;675;Lithraea brasiliensis Marchand;22,18619907
12;676;Dasyphyllum tomentosum (Spreng.) Cabrera;38,06986239
12;677;Prunus myrtifolia (L.) Urb.;15,46986047
12;678;Myrsine umbellata Mart.;8,785352859
12;679;Myrsine umbellata Mart.;11,56512292
12;680;Casearia decandra Jacq.;8,116902098
12;681;Lithraea brasiliensis Marchand;23,90507245
12;682;Duranta vestita Cham.;5,952394872
12;683;Lithraea brasiliensis Marchand;14,29211389
12;684;Ilex dumosa Reissek;10,24957834
12;685;Casearia decandra Jacq.;8,276057041
12;686;Podocarpus lambertii Klotzsch ex Endl.;8,817183847
12;687;Araucaria angustifolia (Bertol.) Kuntze;7,639437268
12;688;Podocarpus lambertii Klotzsch ex Endl.;8,944507802
12;689;Myrsine umbellata Mart.;9,740282517
12;690;Araucaria angustifolia (Bertol.) Kuntze;39,88422874
12;691;Zanthoxylum kleinii (R.S.Cowan) P.G.Waterman;8,75352187
12;692;Myrsine umbellata Mart.;8,212395064
12;693;Araucaria angustifolia (Bertol.) Kuntze;38,83380611
12;694;Myrsine umbellata Mart.;12,60507149
12;695;Clethra scabra Pers.;13,36901522
12;696;Myrsine umbellata Mart.;13,27352225
13;140;Myrcia palustris DC.;8,381831275
13;141;Calyptranthes concinna DC.;18,510972
13;142;Myrcia palustris DC.;10,02256693
13;143;Myrceugenia myrcioides (Cambess.) O.Berg;8,423853286
13;144;Ilex theezans Mart. ex Reissek;25,24197397
13;145;Ocotea pulchella Mart.;27,50197417
13;146;Myrsine coriacea (Sw.) Roem. & Schult.;12,63690248
13;147;Eugenia pluriflora DC.;6,939155519
13;148;Myrcia guianensis (Aubl.) DC.;12,22309963
13;149;Ilex theezans Mart. ex Reissek;16,93408594
13;150;Lithraea brasiliensis Marchand;9,994930426
13;151;Calyptranthes concinna DC.;5,092958179
13;152;Drimys brasiliensis Miers;5,476410353
13;153;Vernonanthura discolor (Spreng.) H.Rob.;12,98704336
13;154;Zanthoxylum kleinii (R.S.Cowan) P.G.Waterman;20,81746656
13;155;Eugenia pluriflora DC.;9,135493733
13;156;Calyptranthes concinna DC.;7,463195983
13;157;Zanthoxylum kleinii (R.S.Cowan) P.G.Waterman;23,68225553
13;158;Araucaria angustifolia (Bertol.) Kuntze;23,7777485
13;159;Calyptranthes concinna DC.;6,215199214
13;160;Calyptranthes concinna DC.;6,219191961
13;161;Myrcia guianensis (Aubl.) DC.;7,04644918
13;162;Calyptranthes concinna DC.;11,74947287
13;163;Calyptranthes concinna DC.;11,90449186
13;164;Zanthoxylum kleinii (R.S.Cowan) P.G.Waterman;10,37690229
13;165;Araucaria angustifolia (Bertol.) Kuntze;45,00901791
13;166;Lithraea brasiliensis Marchand;12,15943765
13;167;Lithraea brasiliensis Marchand;9,45380362
13;168;Ilex theezans Mart. ex Reissek;11,26816997
13;169;Calyptranthes concinna DC.;5,656340704
13;170;Vernonanthura discolor (Spreng.) H.Rob.;11,68197282
13;171;Eugenia pluriflora DC.;11,65014183
13;172;Duranta vestita Cham.;8,338564761
13;173;Myrsine umbellata Mart.;12,36682043
13;174;Podocarpus lambertii Klotzsch ex Endl.;8,276057041
13;175;Podocarpus lambertii Klotzsch ex Endl.;5,411268065
13;176;Podocarpus lambertii Klotzsch ex Endl.;7,60760628
13;177;Zanthoxylum kleinii (R.S.Cowan) P.G.Waterman;13,81464906
13;178;Myrcia guianensis (Aubl.) DC.;9,708451529
13;179;Lithraea brasiliensis Marchand;15,59718442
13;180;Myrcia palustris DC.;13,24169127
13;181;Myrsine umbellata Mart.;5,092958179
13;182;NI;16,96033215
13;183;Calyptranthes concinna DC.;15,48975841
13;184;Araucaria angustifolia (Bertol.) Kuntze;7,448451337
14;185;Lithraea brasiliensis Marchand;18,34655457
14;186;Gochnatia polymorpha (Less.) Cabrera;19,35324108
14;187;Roupala montana Aubl.;7,130141451
14;188;Jacaranda puberula Cham.;5,53859202
14;189;Lithraea brasiliensis Marchand;13,48270652
14;190;Myrsine umbellata Mart.;7,002817496
14;191;Ilex theezans Mart. ex Reissek;11,56025958
14;192;Podocarpus lambertii Klotzsch ex Endl.;6,175211792
14;193;Myrceugenia euosma (O.Berg) D.Legrand;6,366197724
14;195;Podocarpus lambertii Klotzsch ex Endl.;8,180564075
14;196;Myrcia guianensis (Aubl.) DC.;7,254393344
14;197;Sebastiania commersoniana (Baill.) L.B. Sm. & Downs;11,01352206
14;198;Myrsine umbellata Mart.;14,8332407
14;199;Podocarpus lambertii Klotzsch ex Endl.;14,76957872
14;200;Drimys brasiliensis Miers;8,53070495
14;201;Eugenia pluriflora DC.;7,002817496
14;202;Casearia decandra Jacq.;5,793239929
14;203;Dasyphyllum tomentosum (Spreng.) Cabrera;14,8332407
14;204;Lithraea brasiliensis Marchand;9,803944494
14;205;Lithraea brasiliensis Marchand;12,70056446
14;206;Lithraea brasiliensis Marchand;42,22214763
14;207;Podocarpus lambertii Klotzsch ex Endl.;30,4940871
14;208;Myrcia laruotteana Cambess.;15,88905262
14;209;Zanthoxylum kleinii (R.S.Cowan) P.G.Waterman;21,32676237
14;210;Cupania vernalis Cambess.;7,352958371
14;211;Araucaria angustifolia (Bertol.) Kuntze;12,3185926
14;212;Lithraea brasiliensis Marchand;16,42479013
14;213;Zanthoxylum kleinii (R.S.Cowan) P.G.Waterman;22,35371828
14;214;Ilex theezans Mart. ex Reissek;27,56444154
14;215;Casearia decandra Jacq.;5,570423008
14;216;Lithraea brasiliensis Marchand;21,20550742
14;217;Casearia decandra Jacq.;5,856901906
14;218;Jacaranda puberula Cham.;22,13396124
14;219;Myrsine umbellata Mart.;12,25493062
14;220;Blepharocalyx salicifolius (Kunth) O.Berg;7,51332711
14;221;Jacaranda puberula Cham.;6,875493542
14;222;Xylosma ciliatifolia (Clos) Eichler;6,111549815
14;223;Zanthoxylum kleinii (R.S.Cowan) P.G.Waterman;14,36858019
14;224;Matayba elaeagnoides Radlk.;30,40314346
14;226;Symplocos uniflora (Pohl) Benth.;7,130141451
15;227;Schinus terebinthifolius Raddi;9,835775483
15;228;Lithraea brasiliensis Marchand;9,103662745
15;229;Blepharocalyx salicifolius (Kunth) O.Berg;15,21521256
15;230;Lithraea brasiliensis Marchand;22,65939403
15;231;Calyptranthes concinna DC.;5,188451145
15;232;Podocarpus lambertii Klotzsch ex Endl.;9,612958563
15;233;Sapium glandulosum (L.) Morong;24,50986124
15;234;Banara tomentosa Clos;8,53070495
15;235;Zanthoxylum kleinii (R.S.Cowan) P.G.Waterman;8,269259557
15;236;Myrcia guianensis (Aubl.) DC.;7,487051813
15;237;Lithraea brasiliensis Marchand;7,639437268
15;238;Myrcia guianensis (Aubl.) DC.;20,6455802
15;239;Matayba elaeagnoides Radlk.;14,92873366
15;240;Casearia decandra Jacq.;7,352958371
15;241;Casearia decandra Jacq.;5,252113122
15;242;Matayba elaeagnoides Radlk.;16,4884521
15;243;Zanthoxylum kleinii (R.S.Cowan) P.G.Waterman;16,07619345
15;244;Matayba elaeagnoides Radlk.;13,20986028
15;245;Sapium glandulosum (L.) Morong;17,98450857
15;246;Erythroxylum deciduum A.St.-Hil.;8,276057041
15;247;Myrsine umbellata Mart.;6,90732453
15;248;Symplocos uniflora (Pohl) Benth.;10,66338119
15;249;Banara tomentosa Clos;6,047887837
15;250;Casearia decandra Jacq.;15,83088546
15;251;Casearia decandra Jacq.;6,079718826
15;252;Zanthoxylum kleinii (R.S.Cowan) P.G.Waterman;9,390141642
15;253;Eugenia pluriflora DC.;12,60507149
15;254;Allophylus guaraniticus (A.St.-Hil.) Radlk.;5,156620156
15;255;Drimys brasiliensis Miers;5,729577951
15;256;Cupania vernalis Cambess.;5,952394872
15;257;Allophylus guaraniticus (A.St.-Hil.) Radlk.;5,411268065
15;258;Symplocos uniflora (Pohl) Benth.;14,06929697
15;259;Myrsine umbellata Mart.;8,05324012
15;260;Myrcia guianensis (Aubl.) DC.;12,51573262
15;261;Zanthoxylum kleinii (R.S.Cowan) P.G.Waterman;7,639437268
15;262;Podocarpus lambertii Klotzsch ex Endl.;25,14648101
15;263;Myrcia laruotteana Cambess.;8,590888393
15;264;Oreopanax fulvus Marchal;8,498873961
15;265;Matayba elaeagnoides Radlk.;10,09042339
15;266;Zanthoxylum kleinii (R.S.Cowan) P.G.Waterman;22,7312264
15;267;Roupala montana Aubl.;13,17887501
15;268;Matayba elaeagnoides Radlk.;14,64225476
15;269;Podocarpus lambertii Klotzsch ex Endl.;11,01605169
15;270;Sapium glandulosum (L.) Morong;7,925916166
15;271;Araucaria angustifolia (Bertol.) Kuntze;17,18873385
15;272;Araucaria angustifolia (Bertol.) Kuntze;26,51521352
15;273;Allophylus guaraniticus (A.St.-Hil.) Radlk.;6,366197724
15;274;Allophylus guaraniticus (A.St.-Hil.) Radlk.;10,49911275
15;275;Gochnatia polymorpha (Less.) Cabrera;7,543944303
15;276;Xylosma ciliatifolia (Clos) Eichler;10,08138215
15;277;Erythroxylum deciduum A.St.-Hil.;10,94986008
15;278;Podocarpus lambertii Klotzsch ex Endl.;5,729577951
15;279;Gochnatia polymorpha (Less.) Cabrera;17,3478888
15;280;Xylosma ciliatifolia (Clos) Eichler;12,47774754
16;281;Araucaria angustifolia (Bertol.) Kuntze;5,729577951
16;282;Zanthoxylum kleinii (R.S.Cowan) P.G.Waterman;11,52281788
16;283;Lithraea brasiliensis Marchand;5,411268065
16;284;Lithraea brasiliensis Marchand;16,4884521
16;285;Lithraea brasiliensis Marchand;9,326479665
16;286;Araucaria angustifolia (Bertol.) Kuntze;6,970986507
16;287;Xylosma ciliatifolia (Clos) Eichler;5,379437077
16;288;Zanthoxylum kleinii (R.S.Cowan) P.G.Waterman;12,01863271
16;289;Araucaria angustifolia (Bertol.) Kuntze;9,867606472
16;290;Duranta vestita Cham.;5,313582693
16;291;Casearia decandra Jacq.;7,689341761
16;292;Roupala montana Aubl.;6,46169069
16;293;Casearia decandra Jacq.;5,952394872
16;294;Gochnatia polymorpha (Less.) Cabrera;16,39295914
16;295;Podocarpus lambertii Klotzsch ex Endl.;22,05887511
16;296;Myrsine umbellata Mart.;5,53859202
16;297;Jacaranda puberula Cham.;6,143380803
16;298;Araucaria angustifolia (Bertol.) Kuntze;16,93408594
16;299;Duranta vestita Cham.;5,411268065
16;300;Araucaria angustifolia (Bertol.) Kuntze;24,82817112
16;301;Myrcia guianensis (Aubl.) DC.;5,570423008
16;302;Podocarpus lambertii Klotzsch ex Endl.;16,2338042
16;303;Araucaria angustifolia (Bertol.) Kuntze;8,53070495
16;304;Jacaranda puberula Cham.;13,05070533
16;305;Araucaria angustifolia (Bertol.) Kuntze;5,029296202
16;306;Dasyphyllum spinescens (Less.) Cabrera;26,35605858
16;307;Jacaranda puberula Cham.;10,88619811
16;308;Jacaranda puberula Cham.;17,60253671
16;309;Myrsine umbellata Mart.;7,002817496
16;310;Gochnatia polymorpha (Less.) Cabrera;15,08788861
16;311;Casearia decandra Jacq.;7,60760628
16;312;Myrcia guianensis (Aubl.) DC.;5,53859202
16;313;Jacaranda puberula Cham.;7,512113314
16;314;Jacaranda puberula Cham.;8,75352187
16;315;Banara tomentosa Clos;5,124789168
16;316;Myrsine umbellata Mart.;6,716338598
16;317;Araucaria angustifolia (Bertol.) Kuntze;6,68450761
16;318;Jacaranda puberula Cham.;7,957747155
16;319;Jacaranda puberula Cham.;5,260883436
16;320;Prunus myrtifolia (L.) Urb.;12,83878373
16;321;Matayba elaeagnoides Radlk.;25,43295991
16;322;Xylosma tweediana (Clos) Eichler;6,90732453
16;323;Araucaria angustifolia (Bertol.) Kuntze;6,843662553
16;324;Jacaranda puberula Cham.;7,957747155
16;325;Dasyphyllum tomentosum (Spreng.) Cabrera;14,13295895
16;326;Jacaranda puberula Cham.;8,085071109
16;327;Symplocos uniflora (Pohl) Benth.;18,44275504
16;328;Xylosma ciliatifolia (Clos) Eichler;13,71915609
16;329;Allophylus guaraniticus (A.St.-Hil.) Radlk.;11,4591559
16;330;Duranta vestita Cham.;8,795092817
16;331;Jacaranda puberula Cham.;4,997465213
16;332;Casearia decandra Jacq.;6,759720956
16;333;Casearia decandra Jacq.;6,366197724
16;334;Myrsine umbellata Mart.;8,05324012
16;335;Xylosma ciliatifolia (Clos) Eichler;6,68450761
16;336;Casearia decandra Jacq.;7,260605941
16;337;Roupala montana Aubl.;10,72704316
16;338;Lithraea brasiliensis Marchand;9,612958563
16;339;Allophylus guaraniticus (A.St.-Hil.) Radlk.;5,920563883
16;340;Jacaranda puberula Cham.;10,82253613
16;341;Jacaranda puberula Cham.;12,65456956
16;342;Casearia decandra Jacq.;20,05352283
16;343;Casearia decandra Jacq.;6,047887837
17;1678;Araucaria angustifolia (Bertol.) Kuntze;26,2923966
17;1679;Matayba elaeagnoides Radlk.;27,53380515
17;1680;Ocotea pulchella Mart.;16,20197321
17;1681;Jacaranda puberula Cham.;6,780000576
17;1682;Jacaranda puberula Cham.;10,15408537
17;1683;Lithraea brasiliensis Marchand;39,91651663
17;1684;Jacaranda puberula Cham.;9,708451529
17;1685;Jacaranda puberula Cham.;15,18338157
17;1686;Myrsine umbellata Mart.;9,581127574
17;1687;Araucaria angustifolia (Bertol.) Kuntze;6,238873769
17;1688;Prunus myrtifolia (L.) Urb.;5,315775099
17;1689;Jacaranda puberula Cham.;15,56535343
17;1690;Jacaranda puberula Cham.;10,8966638
17;1691;Jacaranda puberula Cham.;14,06929697
17;1692;Myrsine coriacea (Sw.) Roem. & Schult.;21,35256787
17;1693;Jacaranda puberula Cham.;12,79605742
17;1694;Zanthoxylum kleinii (R.S.Cowan) P.G.Waterman;7,543944303
17;1695;Jacaranda puberula Cham.;8,212395064
17;1696;Araucaria angustifolia (Bertol.) Kuntze;8,339719018
17;1697;Jacaranda puberula Cham.;6,398028712
17;1698;Myrsine umbellata Mart.;8,244226052
17;1699;Duranta vestita Cham.;5,793239929
17;1700;Myrsine umbellata Mart.;8,97633879
17;1701;Zanthoxylum kleinii (R.S.Cowan) P.G.Waterman;26,66430068
17;1702;Zanthoxylum kleinii (R.S.Cowan) P.G.Waterman;17,79352264
17;1703;Araucaria angustifolia (Bertol.) Kuntze;6,90732453
17;1704;Matayba elaeagnoides Radlk.;6,238873769
17;1705;Jacaranda puberula Cham.;10,91204174
17;1706;Jacaranda puberula Cham.;5,952394872
17;1707;Jacaranda puberula Cham.;17,22056484
17;1708;Jacaranda puberula Cham.;11,84112777
17;1709;Myrsine umbellata Mart.;19,64064857
17;1710;Ocotea pulchella Mart.;11,10901503
17;1711;Lithraea brasiliensis Marchand;9,612958563
17;1713;Zanthoxylum kleinii (R.S.Cowan) P.G.Waterman;6,843662553
17;1714;Jacaranda puberula Cham.;6,748169587
17;1715;Casearia obliqua Spreng.;16,20197321
17;1716;Myrsine umbellata Mart.;5,252113122
17;1717;Jacaranda puberula Cham.;6,429859701
17;1718;Jacaranda puberula Cham.;5,856901906
17;1719;Jacaranda puberula Cham.;6,970986507
17;1720;Zanthoxylum kleinii (R.S.Cowan) P.G.Waterman;12,76422644
17;1721;Jacaranda puberula Cham.;6,875493542
17;1722;Jacaranda puberula Cham.;5,920563883
17;1723;Jacaranda puberula Cham.;6,175211792
17;1724;Lithraea brasiliensis Marchand;21,95611518
17;1725;Jacaranda puberula Cham.;12,82788841
17;1726;Calyptranthes concinna DC.;7,82259093
17;1727;Zanthoxylum kleinii (R.S.Cowan) P.G.Waterman;10,3450713
17;1728;Podocarpus lambertii Klotzsch ex Endl.;19,38507207
17;1729;Jacaranda puberula Cham.;11,07718404
17;1730;Jacaranda puberula Cham.;13,59183214
17;1731;Jacaranda puberula Cham.;5,793239929
17;1732;Casearia decandra Jacq.;6,366197724
17;1733;Jacaranda puberula Cham.;7,161972439
17;1734;Cinnamomum amoenum (Nees & Mart.) Kosterm.;35,49155231
17;1735;Solanum sanctaecatharinae Dunal;6,843662553
17;1736;Jacaranda puberula Cham.;6,079718826
17;1737;Myrcia guianensis (Aubl.) DC.;17,18339839
17;1738;Jacaranda puberula Cham.;5,665915974
17;1739;Jacaranda puberula Cham.;5,920563883
17;1740;Jacaranda puberula Cham.;10,69521218
17;1741;Podocarpus lambertii Klotzsch ex Endl.;28,20225592
17;1742;Eugenia pluriflora DC.;6,557183655
17;1743;Casearia decandra Jacq.;5,156620156
17;1744;Calyptranthes concinna DC.;6,46169069
17;1745;Calyptranthes concinna DC.;6,548215399
17;1746;Jacaranda puberula Cham.;5,76140894
17;1747;Calyptranthes concinna DC.;9,690954809
17;1748;Jacaranda puberula Cham.;5,315775099
17;1749;Jacaranda puberula Cham.;5,347606088
17;1751;Casearia decandra Jacq.;13,87831104
17;1752;Lithraea brasiliensis Marchand;25,27380496
17;1753;Solanum sanctaecatharinae Dunal;15,34253651
17;1754;Jacaranda puberula Cham.;6,780000576
17;1755;Ocotea pulchella Mart.;31,13070687
17;1756;Jacaranda puberula Cham.;6,493521678
17;1757;Jacaranda puberula Cham.;8,378083098
17;1758;Jacaranda puberula Cham.;10,02676141
17;1759;Jacaranda puberula Cham.;6,46169069
17;1760;Annona rugulosa (Schltdl.) H.Rainer;7,575775291
17;1761;Casearia decandra Jacq.;5,220282133
17;1762;Jacaranda puberula Cham.;11,39549393
17;1763;Dasyphyllum tomentosum (Spreng.) Cabrera;32,18112949
18;1001;Vernonanthura discolor (Spreng.) H.Rob.;28,2340869
18;1002;Duranta vestita Cham.;11,26816997
18;1003;Duranta vestita Cham.;6,507393909
18;1004;Araucaria angustifolia (Bertol.) Kuntze;5,092958179
18;1005;Sapium glandulosum (L.) Morong;21,40560027
18;1006;Casearia decandra Jacq.;6,398028712
18;1007;Araucaria angustifolia (Bertol.) Kuntze;12,28676161
18;1008;Duranta vestita Cham.;11,83654904
18;1009;Sapium glandulosum (L.) Morong;9,230986699
18;1010;Sapium glandulosum (L.) Morong;22,75915686
18;1011;Vernonanthura discolor (Spreng.) H.Rob.;24,28704432
18;1012;Zanthoxylum rhoifolium Lam.;10,3450713
18;1013;Araucaria angustifolia (Bertol.) Kuntze;19,67155097
18;1014;Araucaria angustifolia (Bertol.) Kuntze;9,103662745
18;1015;Araucaria angustifolia (Bertol.) Kuntze;32,4357774
18;1016;Casearia decandra Jacq.;7,970215135
18;1017;Zanthoxylum rhoifolium Lam.;5,952394872
18;1018;Araucaria angustifolia (Bertol.) Kuntze;19,95802986
18;1019;Casearia decandra Jacq.;6,436238492
18;1020;Annona rugulosa (Schltdl.) H.Rainer;7,734930234
18;1021;Araucaria angustifolia (Bertol.) Kuntze;29,85746732
18;1022;Araucaria angustifolia (Bertol.) Kuntze;10,72704316
18;1023;Sapium glandulosum (L.) Morong;8,371550007
18;1024;Zanthoxylum rhoifolium Lam.;8,97633879
18;1025;Podocarpus lambertii Klotzsch ex Endl.;11,69774757
18;1026;Sapium glandulosum (L.) Morong;12,28676161
18;1027;Lithraea brasiliensis Marchand;50,92958179
18;1028;Podocarpus lambertii Klotzsch ex Endl.;27,88394603
18;1029;Araucaria angustifolia (Bertol.) Kuntze;24,76450915
18;1030;Cupania vernalis Cambess.;6,270704758
18;1031;Duranta vestita Cham.;6,207042781
18;1032;Araucaria angustifolia (Bertol.) Kuntze;14,51493081
18;1033;Araucaria angustifolia (Bertol.) Kuntze;12,52095314
18;1034;Araucaria angustifolia (Bertol.) Kuntze;46,95070821
18;1035;Araucaria angustifolia (Bertol.) Kuntze;23,93690344
18;1036;Ilex dumosa Reissek;11,30000096
19;1037;Casearia decandra Jacq.;5,283944111
19;1038;Banara tomentosa Clos;5,220282133
19;1039;Casearia decandra Jacq.;5,729577951
19;1040;Sapium glandulosum (L.) Morong;5,634084985
19;1041;Oreopanax fulvus Marchal;8,75352187
19;1042;Vernonanthura discolor (Spreng.) H.Rob.;12,95521237
19;1043;Zanthoxylum rhoifolium Lam.;9,040000768
19;1044;Sapium glandulosum (L.) Morong;6,366197724
19;1045;Zanthoxylum rhoifolium Lam.;12,66873347
19;1046;Casearia decandra Jacq.;5,665915974
19;1047;Ilex paraguariensis A.St.-Hil.;6,970986507
19;1048;Allophylus guaraniticus (A.St.-Hil.) Radlk.;8,478881568
19;1049;Casearia decandra Jacq.;6,654503987
19;1050;Quillaja brasiliensis (A.St.-Hil. & Tul.) Mart.;7,798592212
19;1051;Cupania vernalis Cambess.;5,602253997
19;1052;Sapium glandulosum (L.) Morong;6,079718826
19;1053;Sapium glandulosum (L.) Morong;8,180564075
19;1054;Allophylus guaraniticus (A.St.-Hil.) Radlk.;6,780000576
19;1055;Araucaria angustifolia (Bertol.) Kuntze;44,84986296
19;1056;Myrsine umbellata Mart.;5,474930042
19;1057;Casearia obliqua Spreng.;33,35887607
19;1058;Vernonanthura discolor (Spreng.) H.Rob.;14,80140971
19;1059;Duranta vestita Cham.;6,493521678
19;1060;Podocarpus lambertii Klotzsch ex Endl.;22,18619907
19;1061;Lamanonia ternata Vell.;12,63690248
19;1062;Sapium glandulosum (L.) Morong;5,506761031
19;1063;Zanthoxylum rhoifolium Lam.;10,28140932
19;1064;Annona rugulosa (Schltdl.) H.Rainer;10,92470878
19;1065;Vernonanthura discolor (Spreng.) H.Rob.;33,58380493
19;1066;Myrsine umbellata Mart.;5,252113122
19;1067;Vernonanthura discolor (Spreng.) H.Rob.;22,34535401
19;1068;Dicksonia sellowiana Hook.;20,49915667
19;1069;Allophylus guaraniticus (A.St.-Hil.) Radlk.;5,254524007
19;1070;Cedrela fissilis Vell.;19,79887492
19;1071;Oreopanax fulvus Marchal;9,390141642
19;1072;Oreopanax fulvus Marchal;5,092958179
20;1074;Sapium glandulosum (L.) Morong;6,620845633
20;1075;Vernonanthura discolor (Spreng.) H.Rob.;22,02704412
20;1076;Dicksonia sellowiana Hook.;19,32141009
20;1077;Lamanonia ternata Vell.;8,594366927
20;1078;Dicksonia sellowiana Hook.;19,13042416
20;1079;Cupania vernalis Cambess.;6,238873769
20;1080;Sapium glandulosum (L.) Morong;14,45126883
20;1081;Dicksonia sellowiana Hook.;37,4650736
20;1082;Banara tomentosa Clos;6,334366735
20;1083;Dicksonia sellowiana Hook.;28,61605877
20;1084;Sapium glandulosum (L.) Morong;8,594366927
20;1085;Matayba elaeagnoides Radlk.;19,41690306
20;1086;Dicksonia sellowiana Hook.;17,92084659
20;1087;Lamanonia ternata Vell.;6,875493542
20;1088;Dicksonia sellowiana Hook.;14,57859279
20;1089;Lithraea brasiliensis Marchand;40,36169357
20;1090;Casearia obliqua Spreng.;10,09042339
20;1091;Lamanonia ternata Vell.;5,570423008
20;1092;Casearia decandra Jacq.;9,89943746
20;1093;Araucaria angustifolia (Bertol.) Kuntze;25,78310078
20;1094;Myrsine coriacea (Sw.) Roem. & Schult.;19,19408614
20;1095;Araucaria angustifolia (Bertol.) Kuntze;6,620845633
20;1097;Sapium glandulosum (L.) Morong;10,82253613
20;1098;Sapium glandulosum (L.) Morong;11,87295875
20;1099;Lamanonia ternata Vell.;13,36901522
20;1100;Sapium glandulosum (L.) Morong;12,54140952
20;1101;Dicksonia sellowiana Hook.;27,6929601
20;1102;Sapium glandulosum (L.) Morong;7,8304232
20;1103;Matayba elaeagnoides Radlk.;5,888732894
20;1104;Ocotea pulchella Mart.;30,90788995
20;1105;Cupania vernalis Cambess.;8,212395064
20;1106;Dicksonia sellowiana Hook.;40,99831334
20;1108;Dasyphyllum tomentosum (Spreng.) Cabrera;5,570423008
20;1109;Symplocos uniflora (Pohl) Benth.;7,957747155
20;1110;Dicksonia sellowiana Hook.;42,90817266
20;1112;Sapium glandulosum (L.) Morong;9,45380362
20;1114;Lamanonia ternata Vell.;8,944507802
20;1115;Sapium glandulosum (L.) Morong;16,2338042
20;1116;Dicksonia sellowiana Hook.;21,35859336
20;1118;Dicksonia sellowiana Hook.;25,14648101
21;1119;Zanthoxylum rhoifolium Lam.;8,817183847
21;1120;Celtis iguanaea (Jacq.) Sarg.;5,443099054
21;1121;Sapium glandulosum (L.) Morong;8,75352187
21;1122;Araucaria angustifolia (Bertol.) Kuntze;54,43099054
21;1123;Celtis iguanaea (Jacq.) Sarg.;6,716338598
21;1124;Celtis iguanaea (Jacq.) Sarg.;6,875493542
21;1125;Dicksonia sellowiana Hook.;27,08817131
21;1126;Casearia obliqua Spreng.;8,562535938
21;1127;Celtis iguanaea (Jacq.) Sarg.;7,130141451
21;1128;Celtis iguanaea (Jacq.) Sarg.;28,58422778
21;1129;Duranta vestita Cham.;8,276057041
21;1130;Blepharocalyx salicifolius (Kunth) O.Berg;7,257465405
21;1131;Campomanesia xanthocarpa O.Berg;6,143380803
21;1132;Araucaria angustifolia (Bertol.) Kuntze;13,84648005
21;1133;Banara tomentosa Clos;5,634084985
21;1134;Araucaria angustifolia (Bertol.) Kuntze;13,52817016
21;1135;Dicksonia sellowiana Hook.;21,39042435
21;1136;Casearia obliqua Spreng.;11,71380381
21;1137;Casearia obliqua Spreng.;21,00845249
21;1138;Casearia decandra Jacq.;6,366197724
21;1139;Casearia obliqua Spreng.;13,71915609
21;1140;Casearia decandra Jacq.;8,53070495
21;1141;Xylosma ciliatifolia (Clos) Eichler;9,262817688
21;1142;Casearia obliqua Spreng.;6,851061109
21;1143;Podocarpus lambertii Klotzsch ex Endl.;6,589014644
21;1144;Casearia decandra Jacq.;7,766761223
21;1145;Casearia decandra Jacq.;11,04535305
21;1146;Lithraea brasiliensis Marchand;23,07746675
21;1147;Sapium glandulosum (L.) Morong;15,27887454
21;1148;Casearia decandra Jacq.;6,079718826
21;1149;Araucaria angustifolia (Bertol.) Kuntze;6,716338598
21;1150;Solanum sanctaecatharinae Dunal;12,00028271
21;1151;Casearia decandra Jacq.;5,474930042
21;1154;Araucaria angustifolia (Bertol.) Kuntze;10,6315502
21;1155;Banara tomentosa Clos;7,766761223
21;1156;Celtis iguanaea (Jacq.) Sarg.;7,60760628
21;1157;Celtis iguanaea (Jacq.) Sarg.;6,207042781
22;1158;Matayba elaeagnoides Radlk.;12,25493062
22;1159;Cinnamomum amoenum (Nees & Mart.) Kosterm.;41,57127114
22;1160;Matayba elaeagnoides Radlk.;15,43802948
22;1161;Dalbergia frutescens (Vell.) Britton;12,15943765
22;1162;Matayba elaeagnoides Radlk.;19,576058
22;1163;Matayba elaeagnoides Radlk.;18,36648043
22;1164;Matayba elaeagnoides Radlk.;5,315775099
22;1165;Matayba elaeagnoides Radlk.;16,99774792
22;1166;Eugenia pyriformis Cambess.;19,89436789
22;1167;Matayba elaeagnoides Radlk.;15,9473253
22;1168;Matayba elaeagnoides Radlk.;12,0321137
22;1169;Matayba elaeagnoides Radlk.;15,40619849
22;1170;Matayba elaeagnoides Radlk.;9,071831756
22;1171;Coutarea hexandra (Jacq.) K.Schum.;22,57927986
22;1172;Xylosma ciliatifolia (Clos) Eichler;9,390141642
22;1173;Xylosma ciliatifolia (Clos) Eichler;6,90732453
22;1174;Xylosma ciliatifolia (Clos) Eichler;5,76140894
22;1175;Casearia obliqua Spreng.;18,1754945
22;1176;Casearia obliqua Spreng.;18,52563538
22;1177;Casearia decandra Jacq.;5,665915974
22;1178;Maytenus dasyclada Mart.;9,994930426
22;1179;Matayba elaeagnoides Radlk.;21,93155116
22;1180;Podocarpus lambertii Klotzsch ex Endl.;6,334366735
22;1181;Casearia decandra Jacq.;33,07913645
22;1182;Matayba elaeagnoides Radlk.;14,2602829
23;1183;Casearia obliqua Spreng.;26,39451219
23;1184;Dasyphyllum spinescens (Less.) Cabrera;13,56000115
23;1185;Araucaria angustifolia (Bertol.) Kuntze;10,50422624
23;1186;Casearia obliqua Spreng.;18,87730601
23;1187;Casearia obliqua Spreng.;17,18873385
23;1188;Araucaria angustifolia (Bertol.) Kuntze;12,35042358
23;1189;Duranta vestita Cham.;12,49774768
23;1190;Allophylus edulis (A.St.-Hil., Cambess. & A.Juss.) Radlk.;14,41943784
23;1191;Casearia decandra Jacq.;17,13069167
23;1192;Xylosma ciliatifolia (Clos) Eichler;5,315775099
23;1193;Araucaria angustifolia (Bertol.) Kuntze;30,87605896
23;1194;Xylosma ciliatifolia (Clos) Eichler;7,512113314
23;1195;Dasyphyllum tomentosum (Spreng.) Cabrera;40,58451049
23;1196;Xylosma ciliatifolia (Clos) Eichler;16,74639777
23;1197;Lithraea brasiliensis Marchand;38,59895557
23;1198;Araucaria angustifolia (Bertol.) Kuntze;16,774931
23;1199;Machaerium paraguariense Hassl.;12,0321137
23;1200;Erythroxylum deciduum A.St.-Hil.;7,703099246
23;1201;Casearia obliqua Spreng.;9,803944494
23;1202;Casearia obliqua Spreng.;12,38225457
23;1203;Oreopanax fulvus Marchal;6,429859701
23;1204;Casearia decandra Jacq.;7,174622927
23;1205;Casearia obliqua Spreng.;6,589014644
23;1206;Casearia decandra Jacq.;11,39549393
23;1207;Sapium glandulosum (L.) Morong;30,81239698
23;1208;Casearia obliqua Spreng.;6,429859701
23;1209;Solanum sanctaecatharinae Dunal;23,8778459
24;1210;Ilex theezans Mart. ex Reissek;18,89187275
24;1211;Jacaranda puberula Cham.;15,46986047
24;1212;Annona rugulosa (Schltdl.) H.Rainer;10,09042339
24;1213;Casearia decandra Jacq.;6,047636535
24;1214;Jacaranda puberula Cham.;6,970986507
24;1215;Lithraea brasiliensis Marchand;27,18366428
24;1216;Jacaranda puberula Cham.;16,64760705
24;1217;Sapium glandulosum (L.) Morong;14,57859279
24;1218;Dalbergia frutescens (Vell.) Britton;6,302535746
24;1219;Lithraea brasiliensis Marchand;26,41972055
24;1220;Myrsine umbellata Mart.;6,685189668
24;1221;Allophylus edulis (A.St.-Hil., Cambess. & A.Juss.) Radlk.;5,315775099
24;1222;Casearia obliqua Spreng.;42,28770498
24;1223;Duranta vestita Cham.;6,875493542
24;1224;Jacaranda puberula Cham.;9,06741902
24;1225;Cedrela fissilis Vell.;14,89690267
24;1226;Annona rugulosa (Schltdl.) H.Rainer;7,448451337
24;1227;Eugenia pyriformis Cambess.;5,621932944
24;1228;Araucaria angustifolia (Bertol.) Kuntze;16,83859298
24;1229;Casearia obliqua Spreng.;15,52301728
24;1230;Xylosma ciliatifolia (Clos) Eichler;5,856901906
24;1231;Araucaria angustifolia (Bertol.) Kuntze;8,180564075
24;1232;Jacaranda puberula Cham.;6,620845633
24;1233;Casearia obliqua Spreng.;6,970986507
24;1234;Machaerium paraguariense Hassl.;29,28450953
24;1235;Casearia obliqua Spreng.;6,366197724
24;1236;Casearia decandra Jacq.;9,294648677
24;1237;Myrcia guianensis (Aubl.) DC.;5,665915974
24;1238;Casearia decandra Jacq.;5,570423008
24;1239;Jacaranda puberula Cham.;11,4591559
24;1240;Sapium glandulosum (L.) Morong;6,207042781
24;1241;Celtis iguanaea (Jacq.) Sarg.;6,748169587
24;1242;Xylosma ciliatifolia (Clos) Eichler;7,766761223
24;1243;Lithraea brasiliensis Marchand;25,54442291
24;1244;Jacaranda puberula Cham.;5,443099054
24;1245;Sapium glandulosum (L.) Morong;9,740282517
24;1246;Sapium glandulosum (L.) Morong;7,639437268
24;1247;Zanthoxylum rhoifolium Lam.;16,2338042
24;1248;Dasyphyllum tomentosum (Spreng.) Cabrera;39,152116
24;1249;Allophylus guaraniticus (A.St.-Hil.) Radlk.;10,18591636
25;1250;Casearia decandra Jacq.;10,41418303
25;1251;Myrcia hatschbachii D.Legrand;6,892052242
25;1252;Myrcia multiflora (Lam.) DC.;31,0352139
25;1253;Casearia obliqua Spreng.;17,3478888
25;1254;Maytenus dasyclada Mart.;18,30281846
25;1255;Campomanesia xanthocarpa O.Berg;33,2504502
25;1256;Araucaria angustifolia (Bertol.) Kuntze;22,28169203
25;1257;Araucaria angustifolia (Bertol.) Kuntze;47,74648293
25;1258;Casearia decandra Jacq.;12,12760666
25;1259;Lithraea brasiliensis Marchand;14,96056465
25;1260;Casearia decandra Jacq.;7,512113314
25;1261;Myrcia guianensis (Aubl.) DC.;13,62366313
25;1262;Araucaria angustifolia (Bertol.) Kuntze;43,76760935
25;1263;Eugenia pyriformis Cambess.;13,1461983
25;1264;Podocarpus lambertii Klotzsch ex Endl.;23,23662169
25;1265;Jacaranda puberula Cham.;7,098310462
25;1266;Nectandra megapotamica (Spreng.) Mez;16,96591693
25;1267;Myrcia palustris DC.;7,098310462
25;1268;Drimys brasiliensis Miers;13,21449988
25;1269;Araucaria angustifolia (Bertol.) Kuntze;8,53070495
25;1270;Sapium glandulosum (L.) Morong;15,62901541
25;1271;Casearia decandra Jacq.;7,507323651
25;1272;Prunus myrtifolia (L.) Urb.;29,9211293
25;1274;Cupania vernalis Cambess.;25,87859375
25;1275;Casearia decandra Jacq.;7,766761223
26;1277;Casearia decandra Jacq.;9,660324849
26;1278;Casearia obliqua Spreng.;7,734930234
26;1279;Sapium glandulosum (L.) Morong;14,67408575
26;1280;Duranta vestita Cham.;8,339719018
26;1281;Sapium glandulosum (L.) Morong;10,75887415
26;1282;Sapium glandulosum (L.) Morong;23,42760762
26;1283;Cupania vernalis Cambess.;13,59764546
26;1284;Cupania vernalis Cambess.;14,64225476
26;1285;Cupania vernalis Cambess.;11,7456348
26;1286;Casearia obliqua Spreng.;5,920563883
26;1287;Casearia obliqua Spreng.;8,944507802
26;1288;Machaerium paraguariense Hassl.;36,39046364
26;1290;Casearia decandra Jacq.;9,199155711
26;1291;Podocarpus lambertii Klotzsch ex Endl.;6,811831564
26;1293;Ocotea pulchella Mart.;49,42584881
26;1294;Sapium glandulosum (L.) Morong;18,36648043
26;1295;Jacaranda puberula Cham.;7,60760628
26;1296;Sapium glandulosum (L.) Morong;7,352958371
26;1297;Jacaranda puberula Cham.;8,021409132
26;1298;Myrsine coriacea (Sw.) Roem. & Schult.;26,35605858
26;1299;Jacaranda puberula Cham.;14,06929697
26;697;Jacaranda puberula Cham.;7,289296394
26;699;Casearia decandra Jacq.;8,435211984
26;700;Sapium glandulosum (L.) Morong;13,71915609
26;701;Casearia decandra Jacq.;7,384789359
26;702;Jacaranda puberula Cham.;9,230986699
26;703;Sapium glandulosum (L.) Morong;20,9766215
26;704;Jacaranda puberula Cham.;17,76169165
26;705;Sapium glandulosum (L.) Morong;8,085071109
26;706;Sapium glandulosum (L.) Morong;7,862254189
26;707;Duranta vestita Cham.;7,416620348
26;708;Casearia decandra Jacq.;5,315775099
26;709;Podocarpus lambertii Klotzsch ex Endl.;11,04535305
26;710;Sapium glandulosum (L.) Morong;11,39549393
26;711;Annona rugulosa (Schltdl.) H.Rainer;8,849014836
27;712;Jacaranda puberula Cham.;10,37690229
27;713;Myrcia palustris DC.;12,79605742
27;714;Sapium glandulosum (L.) Morong;6,238873769
27;715;Podocarpus lambertii Klotzsch ex Endl.;7,289296394
27;716;Sapium glandulosum (L.) Morong;5,729577951
27;717;Casearia decandra Jacq.;6,716338598
27;718;Vernonanthura discolor (Spreng.) H.Rob.;32,62676333
27;719;Solanum sanctaecatharinae Dunal;8,148733086
27;720;Prunus myrtifolia (L.) Urb.;11,33183195
27;721;Sapium glandulosum (L.) Morong;15,69267739
27;722;Casearia decandra Jacq.;8,276057041
27;723;Jacaranda puberula Cham.;7,862254189
27;724;Myrsine umbellata Mart.;6,238873769
27;725;Sapium glandulosum (L.) Morong;29,57098843
27;726;Vernonanthura discolor (Spreng.) H.Rob.;32,91324223
27;727;Casearia decandra Jacq.;5,156620156
27;728;Jacaranda puberula Cham.;16,26563518
27;729;Vernonanthura discolor (Spreng.) H.Rob.;33,67718596
27;730;Casearia obliqua Spreng.;11,42732491
27;731;Maytenus dasyclada Mart.;13,75098708
27;732;Ocotea pulchella Mart.;19,48056503
27;733;Myrsine umbellata Mart.;16,04281826
27;734;Jacaranda puberula Cham.;6,175211792
27;735;Lamanonia ternata Vell.;45,4691829
27;736;Roupala montana Aubl.;6,90732453
27;737;Lithraea brasiliensis Marchand;29,28450953
27;738;Ocotea pulchella Mart.;37,68789052
27;739;Casearia decandra Jacq.;5,156620156
27;740;Eugenia pyriformis Cambess.;13,11436731
27;741;Casearia obliqua Spreng.;7,448451337
27;742;Araucaria angustifolia (Bertol.) Kuntze;13,91014203
27;743;Cupania vernalis Cambess.;9,103662745
27;744;Podocarpus lambertii Klotzsch ex Endl.;6,079718826
27;745;Allophylus edulis (A.St.-Hil., Cambess. & A.Juss.) Radlk.;5,029296202
27;746;Lithraea brasiliensis Marchand;32,30845345
27;747;Podocarpus lambertii Klotzsch ex Endl.;9,071831756
27;748;Ocotea pulchella Mart.;32,1492985
28;749;Gochnatia polymorpha (Less.) Cabrera;5,773969368
28;750;Lamanonia ternata Vell.;11,42572882
28;751;Jacaranda puberula Cham.;15,08788861
28;752;Casearia decandra Jacq.;5,220282133
28;753;Podocarpus lambertii Klotzsch ex Endl.;10,12225438
28;754;Sapium glandulosum (L.) Morong;8,658028904
28;755;Sapium glandulosum (L.) Morong;10,56788822
28;756;Jacaranda puberula Cham.;8,021409132
28;757;Matayba elaeagnoides Radlk.;26,61070648
28;758;Duranta vestita Cham.;11,33478219
28;759;Duranta vestita Cham.;8,374030762
28;760;Jacaranda puberula Cham.;14,45126883
28;761;Dicksonia sellowiana Hook.;18,65295933
28;762;Lithraea brasiliensis Marchand;67,57718884
28;763;Araucaria angustifolia (Bertol.) Kuntze;39,34310193
28;764;Casearia decandra Jacq.;6,620845633
28;765;Dasyphyllum tomentosum (Spreng.) Cabrera;17,50704374
28;766;Duranta vestita Cham.;7,867471709
28;767;Dasyphyllum spinescens (Less.) Cabrera;15,91549431
28;768;Sapium glandulosum (L.) Morong;19,38507207
28;769;Celtis iguanaea (Jacq.) Sarg.;5,665915974
28;770;Drimys brasiliensis Miers;11,26816997
28;771;Campomanesia xanthocarpa O.Berg;18,5136265
28;772;Sapium glandulosum (L.) Morong;16,90225496
28;773;Dalbergia frutescens (Vell.) Britton;18,22829293
29;774;Podocarpus lambertii Klotzsch ex Endl.;6,366197724
29;775;Duranta vestita Cham.;11,18269338
29;776;Casearia obliqua Spreng.;5,188451145
29;777;Campomanesia xanthocarpa O.Berg;17,0614099
29;778;Casearia decandra Jacq.;6,493521678
29;779;Casearia decandra Jacq.;6,21234568
29;780;Jacaranda puberula Cham.;5,53859202
29;781;Jacaranda puberula Cham.;10,72704316
29;782;Sapium glandulosum (L.) Morong;27,05634033
29;783;Lithraea brasiliensis Marchand;30,79111417
29;784;Sapium glandulosum (L.) Morong;25,87859375
29;785;Zanthoxylum rhoifolium Lam.;15,78817035
29;786;Araucaria angustifolia (Bertol.) Kuntze;22,12253709
29;787;Myrsine umbellata Mart.;7,798592212
29;788;Jacaranda puberula Cham.;12,98704336
29;789;Zanthoxylum rhoifolium Lam.;15,75633937
29;790;Sapium glandulosum (L.) Morong;7,225634416
29;791;Myrsine umbellata Mart.;21,70873424
29;792;Araucaria angustifolia (Bertol.) Kuntze;16,36112815
29;793;Araucaria angustifolia (Bertol.) Kuntze;6,748169587
29;794;Blepharocalyx salicifolius (Kunth) O.Berg;21,74056523
29;795;Casearia decandra Jacq.;5,53859202
30;796;Sebastiania commersoniana (Baill.) L.B. Sm. & Downs;11,06606505
30;797;Casearia decandra Jacq.;10,12225438
30;798;Sebastiania commersoniana (Baill.) L.B. Sm. & Downs;28,77521371
30;799;Sebastiania commersoniana (Baill.) L.B. Sm. & Downs;6,302535746
30;800;Ocotea pulchella Mart.;24,41436827
30;801;Lithraea brasiliensis Marchand;17,3478888
30;802;Duranta vestita Cham.;6,811831564
30;803;Casearia decandra Jacq.;5,920563883
30;805;Solanum pabstii L.B.Sm. & Downs;6,811831564
30;806;Araucaria angustifolia (Bertol.) Kuntze;5,474930042
30;807;Araucaria angustifolia (Bertol.) Kuntze;7,225634416
30;808;Cinnamomum amoenum (Nees & Mart.) Kosterm.;6,493521678
30;810;Nectandra megapotamica (Spreng.) Mez;7,002817496
30;811;Araucaria angustifolia (Bertol.) Kuntze;5,53859202
30;812;Allophylus edulis (A.St.-Hil., Cambess. & A.Juss.) Radlk.;12,3185926
30;813;Ocotea diospyrifolia (Meisn.) Mez;18,7484523
30;814;Dicksonia sellowiana Hook.;28,29774888
30;815;Araucaria angustifolia (Bertol.) Kuntze;33,13605915
30;816;Casearia decandra Jacq.;11,36366294
30;817;Casearia decandra Jacq.;8,785352859
30;818;Zanthoxylum rhoifolium Lam.;13,4326772
30;819;Zanthoxylum rhoifolium Lam.;12,54140952
30;820;Zanthoxylum rhoifolium Lam.;8,562535938
30;821;Ilex theezans Mart. ex Reissek;7,543944303
30;822;Allophylus edulis (A.St.-Hil., Cambess. & A.Juss.) Radlk.;9,008169779
30;823;Sebastiania commersoniana (Baill.) L.B. Sm. & Downs;5,220282133
30;824;Zanthoxylum rhoifolium Lam.;11,7456348
30;825;Erythroxylum deciduum A.St.-Hil.;20,21267777
30;826;Sebastiania commersoniana (Baill.) L.B. Sm. & Downs;26,86535439
30;827;Sebastiania commersoniana (Baill.) L.B. Sm. & Downs;19,576058
30;828;Sebastiania commersoniana (Baill.) L.B. Sm. & Downs;22,69301702
30;829;Eugenia pyriformis Cambess.;4,997465213
30;830;Sebastiania commersoniana (Baill.) L.B. Sm. & Downs;9,040000768
30;831;Sebastiania commersoniana (Baill.) L.B. Sm. & Downs;12,85912847
30;832;Sebastiania commersoniana (Baill.) L.B. Sm. & Downs;14,5467618
30;833;Casearia decandra Jacq.;6,557183655
30;834;Lamanonia ternata Vell.;6,652676621
31;835;Prunus myrtifolia (L.) Urb.;31,99014356
31;836;Podocarpus lambertii Klotzsch ex Endl.;13,91014203
31;837;Machaerium paraguariense Hassl.;8,594366927
31;838;Araucaria angustifolia (Bertol.) Kuntze;5,53859202
31;839;Myrsine umbellata Mart.;6,875493542
31;840;Araucaria angustifolia (Bertol.) Kuntze;5,920563883
31;841;Roupala montana Aubl.;11,93662073
31;842;Cinnamomum amoenum (Nees & Mart.) Kosterm.;29,88929831
31;843;Cinnamomum amoenum (Nees & Mart.) Kosterm.;18,62112834
31;844;Araucaria angustifolia (Bertol.) Kuntze;16,13831123
31;845;Casearia decandra Jacq.;7,734930234
31;846;Lithraea brasiliensis Marchand;34,66244125
31;847;Araucaria angustifolia (Bertol.) Kuntze;14,89690267
31;848;Duranta vestita Cham.;11,71380381
31;849;Lithraea brasiliensis Marchand;21,99521314
31;850;Myrsine umbellata Mart.;5,825070917
31;851;Duranta vestita Cham.;10,99423178
31;852;Ocotea puberula (Rich.) Nees;42,74901771
31;853;Xylosma tweediana (Clos) Eichler;6,065119037
31;854;Myrsine umbellata Mart.;6,716338598
31;855;Casearia decandra Jacq.;8,53070495
31;856;Lithraea brasiliensis Marchand;38,60007117
31;857;Araucaria angustifolia (Bertol.) Kuntze;17,79352264
31;858;Machaerium paraguariense Hassl.;17,18873385
31;859;Casearia decandra Jacq.;6,46169069
31;860;Ocotea pulchella Mart.;33,6245093
31;861;Blepharocalyx salicifolius (Kunth) O.Berg;7,002817496
31;862;Araucaria angustifolia (Bertol.) Kuntze;32,1492985
31;863;Podocarpus lambertii Klotzsch ex Endl.;6,079718826
31;864;Machaerium paraguariense Hassl.;9,89943746
31;865;Blepharocalyx salicifolius (Kunth) O.Berg;5,252113122
31;866;Myrrhinium atropurpureum Schott;9,803944494
31;867;Roupala montana Aubl.;37,7015587
31;868;Machaerium paraguariense Hassl.;15,53776165
31;869;Machaerium paraguariense Hassl.;13,62366313
31;870;Machaerium paraguariense Hassl.;6,016056849
31;871;Ocotea pulchella Mart.;8,467042972
31;872;Lithraea brasiliensis Marchand;13,36901522
31;873;Myrcia palustris DC.;8,339719018
31;874;Casearia decandra Jacq.;8,296232883
31;875;Araucaria angustifolia (Bertol.) Kuntze;10,15408537
32;877;Podocarpus lambertii Klotzsch ex Endl.;7,862254189
32;878;Lamanonia ternata Vell.;5,888732894
32;879;Drimys brasiliensis Miers;6,650848754
32;880;Araucaria angustifolia (Bertol.) Kuntze;11,77746579
32;881;Duranta vestita Cham.;7,428155235
32;882;Handroanthus albus (Cham.) Mattos;20,27491555
32;883;Lithraea brasiliensis Marchand;18,68479032
32;884;Ilex theezans Mart. ex Reissek;5,98422586
32;885;Myrsine umbellata Mart.;6,366197724
32;886;Duranta vestita Cham.;5,156620156
32;887;Duranta vestita Cham.;11,78064846
32;888;Araucaria angustifolia (Bertol.) Kuntze;44,43606011
32;889;Jacaranda puberula Cham.;11,80929678
32;890;Jacaranda puberula Cham.;10,79070514
32;891;Annona rugulosa (Schltdl.) H.Rainer;7,734930234
32;892;Myrsine coriacea (Sw.) Roem. & Schult.;23,01380477
32;893;Prunus myrtifolia (L.) Urb.;13,94197301
32;894;Prunus myrtifolia (L.) Urb.;27,05634033
32;895;Symplocos uniflora (Pohl) Benth.;11,33183195
32;896;Jacaranda puberula Cham.;6,843662553
32;897;Jacaranda puberula Cham.;8,53070495
32;898;Myrcia palustris DC.;18,93943823
32;899;Ocotea pulchella Mart.;23,39577663
32;900;Jacaranda puberula Cham.;14,5467618
32;901;Podocarpus lambertii Klotzsch ex Endl.;11,20450799
32;902;Araucaria angustifolia (Bertol.) Kuntze;9,199155711
32;903;Myrcia palustris DC.;5,029296202
32;904;Jacaranda puberula Cham.;6,047887837
32;905;Araucaria angustifolia (Bertol.) Kuntze;14,00563499
32;906;Myrcia palustris DC.;9,89943746
32;907;Casearia decandra Jacq.;5,347606088
32;908;Jacaranda puberula Cham.;7,066479473
32;909;Araucaria angustifolia (Bertol.) Kuntze;39,59774984
32;910;Drimys brasiliensis Miers;5,156620156
32;911;Casearia decandra Jacq.;5,825070917
32;912;Symplocos uniflora (Pohl) Benth.;5,347606088
33;913;Blepharocalyx salicifolius (Kunth) O.Berg;6,652676621
33;914;Myrcia guianensis (Aubl.) DC.;7,957747155
33;915;Casearia decandra Jacq.;7,639437268
33;916;Myrsine umbellata Mart.;9,67662054
33;917;Lithraea brasiliensis Marchand;30,04845326
33;918;Ilex theezans Mart. ex Reissek;13,81464906
33;919;Casearia decandra Jacq.;9,326479665
33;920;Vernonanthura discolor (Spreng.) H.Rob.;32,27662246
33;921;Casearia decandra Jacq.;6,493521678
33;922;Lamanonia ternata Vell.;15,50169146
33;923;Drimys brasiliensis Miers;6,143380803
33;924;Cupania vernalis Cambess.;10,18591636
33;925;Myrcia guianensis (Aubl.) DC.;6,111549815
33;926;Banara tomentosa Clos;7,512113314
33;927;Casearia decandra Jacq.;8,880845825
33;928;Myrcia guianensis (Aubl.) DC.;6,426943825
33;929;Casearia decandra Jacq.;8,594366927
33;930;Podocarpus lambertii Klotzsch ex Endl.;12,15943765
33;931;Ocotea pulchella Mart.;16,17014222
33;932;Coutarea hexandra (Jacq.) K.Schum.;6,047887837
33;933;Casearia decandra Jacq.;11,7456348
33;934;Duranta vestita Cham.;7,321127382
33;935;Myrcia guianensis (Aubl.) DC.;13,973804
33;936;Myrcia hatschbachii D.Legrand;21,65323911
33;937;Lamanonia ternata Vell.;41,15746828
33;938;Zanthoxylum rhoifolium Lam.;11,07718404
33;939;Banara tomentosa Clos;11,26816997
33;940;Banara tomentosa Clos;15,02422663
33;941;Dicksonia sellowiana Hook.;33,07239717
34;942;Myrcia hatschbachii D.Legrand;8,721690881
34;943;Lamanonia ternata Vell.;31,57634071
34;944;Banara tomentosa Clos;6,238873769
34;945;Clethra scabra Pers.;7,766761223
34;946;Myrcia hatschbachii D.Legrand;5,825070917
34;947;Myrcia hatschbachii D.Legrand;14,76957872
34;948;Myrcia hatschbachii D.Legrand;8,180564075
34;949;Prunus myrtifolia (L.) Urb.;27,43831219
34;950;Casearia decandra Jacq.;7,766761223
34;951;Myrcia guianensis (Aubl.) DC.;5,977873222
34;952;Xylosma ciliatifolia (Clos) Eichler;10,66338119
34;953;Araucaria angustifolia (Bertol.) Kuntze;12,3185926
34;954;Cupania vernalis Cambess.;6,875493542
34;955;Clethra scabra Pers.;13,65549412
34;956;Ilex theezans Mart. ex Reissek;25,27380496
34;957;Casearia decandra Jacq.;9,517465597
34;958;Lamanonia ternata Vell.;23,52310059
34;959;Lamanonia ternata Vell.;26,83352341
34;sn;Solanum sanctaecatharinae Dunal;14,99876184
35;960;Casearia decandra Jacq.;5,284327603
35;961;Zanthoxylum rhoifolium Lam.;11,93662073
35;962;Casearia decandra Jacq.;5,793239929
35;963;Eugenia uruguayensis Cambess.;5,315775099
35;964;Nectandra megapotamica (Spreng.) Mez;26,26056561
35;965;Zanthoxylum rhoifolium Lam.;6,302535746
35;966;Myrsine umbellata Mart.;6,270704758
35;967;Lamanonia ternata Vell.;12,09577567
35;968;Podocarpus lambertii Klotzsch ex Endl.;5,379437077
35;969;Araucaria angustifolia (Bertol.) Kuntze;13,84648005
35;970;Lamanonia ternata Vell.;13,46450819
35;971;Cinnamomum amoenum (Nees & Mart.) Kosterm.;6,652676621
35;972;Myrsine coriacea (Sw.) Roem. & Schult.;10,28140932
35;973;Araucaria angustifolia (Bertol.) Kuntze;21,99521314
35;974;Lithraea brasiliensis Marchand;12,5732405
35;975;Lamanonia ternata Vell.;9,708451529
35;976;Ilex theezans Mart. ex Reissek;6,016056849
35;977;Myrsine umbellata Mart.;7,480282325
35;978;Podocarpus lambertii Klotzsch ex Endl.;10,21774735
35;979;Myrcia hatschbachii D.Legrand;10,20167046
35;980;Araucaria angustifolia (Bertol.) Kuntze;22,40901599
35;981;Casearia decandra Jacq.;7,384789359
35;982;Lamanonia ternata Vell.;12,20522307
35;983;Zanthoxylum rhoifolium Lam.;11,96845172
35;984;Myrsine umbellata Mart.;8,116902098
35;985;Casearia decandra Jacq.;6,334366735
35;986;Casearia decandra Jacq.;7,098310462
35;987;Lamanonia ternata Vell.;41,98507399
35;988;Podocarpus lambertii Klotzsch ex Endl.;5,76140894
35;989;Ilex theezans Mart. ex Reissek;5,856901906
35;990;Ocotea pulchella Mart.;10,88619811
35;991;Cupania vernalis Cambess.;12,25493062
36;992;Cupania vernalis Cambess.;16,56361821
36;993;Casearia obliqua Spreng.;9,358310654
36;994;Cupania vernalis Cambess.;10,79070514
36;995;Casearia obliqua Spreng.;6,207042781
36;996;Cupania vernalis Cambess.;20,72830459
36;997;Cupania vernalis Cambess.;11,58647986
36;998;Zanthoxylum rhoifolium Lam.;12,22309963
36;999;Duranta vestita Cham.;18,01633956
36;1300;Scutia buxifolia Reissek;8,244226052
36;1301;Casearia decandra Jacq.;7,512113314
36;1302;Sapium glandulosum (L.) Morong;14,5467618
36;1303;Allophylus guaraniticus (A.St.-Hil.) Radlk.;13,8376963
36;1304;Sapium glandulosum (L.) Morong;24,54169222
36;1305;Sapium glandulosum (L.) Morong;18,90760724
36;1306;Annona rugulosa (Schltdl.) H.Rainer;13,46586263
36;1307;Lithraea brasiliensis Marchand;17,44338176
36;1308;Cupania vernalis Cambess.;9,040000768
36;1309;Casearia decandra Jacq.;8,562535938
36;1310;Cupania vernalis Cambess.;8,435211984
36;1311;Cupania vernalis Cambess.;6,207042781
36;1312;Duranta vestita Cham.;8,085071109
36;1313;Podocarpus lambertii Klotzsch ex Endl.;28,45690382
36;1314;Podocarpus lambertii Klotzsch ex Endl.;9,549296586
36;1315;Prunus myrtifolia (L.) Urb.;16,20197321
36;1316;Araucaria angustifolia (Bertol.) Kuntze;24,66901618
36;1317;Lamanonia ternata Vell.;13,11436731
36;1318;Podocarpus lambertii Klotzsch ex Endl.;14,5467618
36;1319;Podocarpus lambertii Klotzsch ex Endl.;19,06676218
36;1320;Scutia buxifolia Reissek;10,33590971
36;ns;Cupania vernalis Cambess.;16,00143798
37;1321;Vernonanthura discolor (Spreng.) H.Rob.;18,36648043
37;1322;Symplocos uniflora (Pohl) Benth.;12,35042358
37;1323;Ilex theezans Mart. ex Reissek;6,175211792
37;1324;Cinnamomum amoenum (Nees & Mart.) Kosterm.;24,98732607
37;1325;Ilex dumosa Reissek;10,86817355
37;1326;Ilex dumosa Reissek;9,071831756
37;1327;Myrrhinium atropurpureum Schott;10,24957834
37;1328;Myrsine umbellata Mart.;8,085071109
37;1329;Lamanonia ternata Vell.;7,766761223
37;1330;Jacaranda puberula Cham.;12,89155039
37;1331;Lamanonia ternata Vell.;7,448451337
37;1332;Jacaranda puberula Cham.;10,21774735
37;1333;Casearia decandra Jacq.;15,31404708
37;1334;Myrcia guianensis (Aubl.) DC.;14,23201198
37;1335;Matayba elaeagnoides Radlk.;7,193803428
37;1336;Sapium glandulosum (L.) Morong;21,68669339
37;1337;Sapium glandulosum (L.) Morong;32,75408729
37;1338;Matayba elaeagnoides Radlk.;19,95802986
37;1339;Ocotea pulchella Mart.;16,42479013
37;1340;Dicksonia sellowiana Hook.;16,87042397
37;1341;Dicksonia sellowiana Hook.;15,62901541
37;1342;Dicksonia sellowiana Hook.;15,27887454
37;1343;Ilex microdonta Reissek;16,830829
37;1344;Ocotea pulchella Mart.;7,130141451
37;1345;Allophylus edulis (A.St.-Hil., Cambess. & A.Juss.) Radlk.;5,06112719
37;1346;Dicksonia sellowiana Hook.;22,18126631
37;1347;Allophylus guaraniticus (A.St.-Hil.) Radlk.;6,175211792
37;1348;Sapium glandulosum (L.) Morong;12,44591655
37;1349;Dicksonia sellowiana Hook.;19,19408614
37;1350;Dicksonia sellowiana Hook.;18,30281846
37;1351;Lamanonia ternata Vell.;32,97189567
37;1352;Dicksonia sellowiana Hook.;14,00563499
37;1353;Cupania vernalis Cambess.;13,20986028
37;1354;Prunus myrtifolia (L.) Urb.;6,238873769
37;1355;Casearia decandra Jacq.;9,820930422
37;1356;Prunus myrtifolia (L.) Urb.;13,81464906
37;1357;Maytenus boaria Molina;12,41408556
37;1358;Prunus myrtifolia (L.) Urb.;30,08028424
37;1359;Clethra scabra Pers.;27,82028405
37;1360;Ocotea pulchella Mart.;7,225634416
37;1361;Sapium glandulosum (L.) Morong;6,748169587
37;1362;Drimys brasiliensis Miers;11,90478974
37;1363;Myrcia guianensis (Aubl.) DC.;11,82965621
37;1364;Jacaranda puberula Cham.;15,56535343
37;1365;Myrsine umbellata Mart.;22,75915686
37;1366;Styrax leprosus Hook. & Arn.;6,207042781
37;1367;Prunus myrtifolia (L.) Urb.;10,37690229
37;1368;Clethra scabra Pers.;11,42732491
37;1369;Matayba elaeagnoides Radlk.;8,75352187
37;1370;Cinnamomum amoenum (Nees & Mart.) Kosterm.;17,15690287
37;1371;Roupala montana Aubl.;12,09577567
37;1372;Podocarpus lambertii Klotzsch ex Endl.;29,85746732
37;1373;Casearia obliqua Spreng.;5,920563883
38;1374;Prunus myrtifolia (L.) Urb.;11,93662073
38;1375;Dicksonia sellowiana Hook.;19,98986085
38;1376;Casearia obliqua Spreng.;11,49098689
38;1377;Cupania vernalis Cambess.;5,252113122
38;1378;Scutia buxifolia Reissek;9,772113506
38;1379;Zanthoxylum rhoifolium Lam.;6,811831564
38;1380;Ilex theezans Mart. ex Reissek;32,88141124
38;1381;Ocotea puberula (Rich.) Nees;35,39605934
38;1382;Roupala montana Aubl.;12,73239545
38;1383;Myrsine umbellata Mart.;11,49098689
38;1384;Styrax leprosus Hook. & Arn.;13,52817016
38;1385;Roupala montana Aubl.;12,28676161
38;1386;Lamanonia ternata Vell.;17,50704374
38;1387;Styrax leprosus Hook. & Arn.;14,96056465
38;1388;Myrcia hatschbachii D.Legrand;8,276057041
38;1389;Casearia decandra Jacq.;58,56901906
38;1390;Cupania vernalis Cambess.;15,9473253
38;1391;Casearia decandra Jacq.;6,780000576
38;1392;Lamanonia ternata Vell.;59,8422586
38;1393;Myrcia hatschbachii D.Legrand;14,2602829
38;1394;Cupania vernalis Cambess.;6,238873769
38;1395;Dicksonia sellowiana Hook.;20,88112853
38;1396;Casearia obliqua Spreng.;6,525352667
38;1398;Dicksonia sellowiana Hook.;16,4884521
38;1399;Lamanonia ternata Vell.;17,22056484
38;1400;Myrcia hatschbachii D.Legrand;5,443099054
38;1401;Eugenia pluriflora DC.;7,445049813
38;1402;Lithraea brasiliensis Marchand;17,31605781
38;1403;Schinus terebinthifolius Raddi;10,24957834
38;1404;Podocarpus lambertii Klotzsch ex Endl.;46,60056734
39;1405;Casearia obliqua Spreng.;5,634084985
39;1406;Myrcia palustris DC.;6,016056849
39;1407;Nectandra megapotamica (Spreng.) Mez;6,525352667
39;1408;Cupania vernalis Cambess.;15,24704355
39;1409;Sapium glandulosum (L.) Morong;20,72197359
39;1410;Jacaranda puberula Cham.;11,14084602
39;1411;Celtis iguanaea (Jacq.) Sarg.;10,53605723
39;1412;Myrsine umbellata Mart.;8,626197916
39;1413;Jacaranda puberula Cham.;6,557183655
39;1414;Lithraea brasiliensis Marchand;32,91324223
39;1415;Cupania vernalis Cambess.;17,8726395
39;1416;Araucaria angustifolia (Bertol.) Kuntze;7,289296394
39;1417;Ocotea pulchella Mart.;8,53070495
39;1418;Zanthoxylum rhoifolium Lam.;5,252113122
39;1419;Jacaranda puberula Cham.;10,98169107
39;1420;Lithraea brasiliensis Marchand;23,61859355
39;1421;Araucaria angustifolia (Bertol.) Kuntze;11,96845172
39;1422;NI;9,390141642
39;1423;Jacaranda puberula Cham.;12,41408556
39;1424;NI;11,17267701
39;1425;Cupania vernalis Cambess.;7,20815531
39;1426;Myrcia palustris DC.;6,238873769
39;1427;Myrcia guianensis (Aubl.) DC.;5,828200993
39;1428;Zanthoxylum rhoifolium Lam.;6,589014644
39;1429;Jacaranda puberula Cham.;10,47239526
39;1430;Matayba elaeagnoides Radlk.;7,575775291
39;1432;Casearia obliqua Spreng.;6,560041641
40;1765;Podocarpus lambertii Klotzsch ex Endl.;5,570423008
40;1766;Eugenia uniflora L.;6,254445026
40;1767;Roupala montana Aubl.;7,098310462
40;1768;Matayba elaeagnoides Radlk.;6,493521678
40;1769;Ocotea puberula (Rich.) Nees;11,4591559
40;1770;Ocotea pulchella Mart.;9,517465597
40;1771;Lithraea brasiliensis Marchand;10,98169107
40;1772;Myrsine umbellata Mart.;6,589014644
40;1773;Dalbergia frutescens (Vell.) Britton;7,734930234
40;1774;Machaerium paraguariense Hassl.;7,066479473
40;1775;Cupania vernalis Cambess.;5,474930042
40;1776;Ilex theezans Mart. ex Reissek;5,289789342
40;1777;Lamanonia ternata Vell.;5,029296202
40;1778;Zanthoxylum rhoifolium Lam.;10,50422624
40;1779;Lithraea brasiliensis Marchand;8,594366927
40;1780;Myrsine umbellata Mart.;9,908031168
40;1781;Matayba elaeagnoides Radlk.;9,040000768
40;1782;Podocarpus lambertii Klotzsch ex Endl.;14,168366
40;1783;Zanthoxylum rhoifolium Lam.;13,65549412
40;1784;Prunus myrtifolia (L.) Urb.;14,35351717
40;1785;Allophylus guaraniticus (A.St.-Hil.) Radlk.;7,661223693
40;1786;Casearia decandra Jacq.;5,634084985
40;1787;Lithraea brasiliensis Marchand;8,371550007
40;1788;Blepharocalyx salicifolius (Kunth) O.Berg;5,156620156
40;1789;Lamanonia ternata Vell.;6,429859701
40;1790;Duranta vestita Cham.;7,225634416
40;1791;Sebastiania commersoniana (Baill.) L.B. Sm. & Downs;5,634084985
40;1792;Myrsine coriacea (Sw.) Roem. & Schult.;25,46479089
40;1793;Myrcia palustris DC.;12,58532242
40;1794;Lithraea brasiliensis Marchand;6,557183655
40;1795;Dalbergia frutescens (Vell.) Britton;5,807650887
40;1796;Roupala montana Aubl.;12,82788841
40;1797;Symplocos uniflora (Pohl) Benth.;22,75915686
40;1798;Lamanonia ternata Vell.;6,843662553
40;1799;Podocarpus lambertii Klotzsch ex Endl.;7,448451337
40;1800;Podocarpus lambertii Klotzsch ex Endl.;9,644789551
40;1801;Podocarpus lambertii Klotzsch ex Endl.;12,95521237
40;1802;Casearia decandra Jacq.;5,856901906
40;1803;Roupala montana Aubl.;7,8304232
40;1804;Myrsine umbellata Mart.;9,981540277
40;1805;Eugenia pluriflora DC.;6,716338598
40;sn;Machaerium stipitatum (DC.) Vogel;19,99941015
40;1806;Lithraea brasiliensis Marchand;14,88673097
41;1807;Lamanonia ternata Vell.;33,8363409
41;1808;Ilex dumosa Reissek;9,103662745
41;1809;Sebastiania brasiliensis Spreng.;6,970986507
41;1810;Vernonanthura discolor (Spreng.) H.Rob.;13,20986028
41;1811;Oreopanax fulvus Marchal;12,41408556
41;1812;Myrcia guianensis (Aubl.) DC.;7,8304232
41;1813;Sebastiania brasiliensis Spreng.;10,87660736
41;1814;Vernonanthura discolor (Spreng.) H.Rob.;17,3478888
41;1815;Sapium glandulosum (L.) Morong;12,92338138
41;1816;Sapium glandulosum (L.) Morong;16,87042397
41;1817;Ocotea puberula (Rich.) Nees;7,321127382
41;1818;Nectandra megapotamica (Spreng.) Mez;9,993916649
41;1819;Dalbergia frutescens (Vell.) Britton;16,7701889
41;1820;Cupania vernalis Cambess.;9,368536456
41;1821;Myrcia hatschbachii D.Legrand;26,76986143
41;1822;Coutarea hexandra (Jacq.) K.Schum.;7,8304232
41;1823;Ocotea pulchella Mart.;7,671268257
41;1824;Prunus myrtifolia (L.) Urb.;5,156620156
41;1825;Casearia decandra Jacq.;8,689859893
41;1826;Eugenia uniflora L.;18,01633956
41;1827;Lithraea brasiliensis Marchand;9,262817688
41;1828;Lithraea brasiliensis Marchand;6,811831564
41;1829;Ilex brevicuspis Reissek;24,73267816
41;1830;Dicksonia sellowiana Hook.;20,6901426
41;1831;Sebastiania brasiliensis Spreng.;10,1707854
41;1832;Nectandra lanceolata Nees;7,957747155
41;1833;Duranta vestita Cham.;14,67408575
41;1834;Myrsine coriacea (Sw.) Roem. & Schult.;19,00310021
41;1835;Lithraea brasiliensis Marchand;6,716338598
41;1836;Sebastiania brasiliensis Spreng.;6,429859701
41;1837;Styrax leprosus Hook. & Arn.;11,20450799
41;1838;Sebastiania brasiliensis Spreng.;7,257465405
41;1839;Ilex brevicuspis Reissek;6,557183655
41;1840;Lithraea brasiliensis Marchand;7,8304232
41;1841;Podocarpus lambertii Klotzsch ex Endl.;41,50760916
41;1842;Ilex brevicuspis Reissek;8,021409132
42;1843;Lauraceae 1;18,62112834
42;1844;Ilex microdonta Reissek;11,93662073
42;1845;Casearia decandra Jacq.;5,729577951
42;1846;Lamanonia ternata Vell.;15,53352245
42;1847;Sebastiania brasiliensis Spreng.;8,683794731
42;1848;Cupania vernalis Cambess.;16,36112815
42;1849;Myrcia hatschbachii D.Legrand;24,79372487
42;1850;Nectandra megapotamica (Spreng.) Mez;5,53859202
42;1851;Myrcia hatschbachii D.Legrand;7,098310462
42;1853;Scutia buxifolia Reissek;9,230986699
42;1854;Scutia buxifolia Reissek;32,65859432
42;1855;Araucaria angustifolia (Bertol.) Kuntze;38,06986239
42;1856;Lithraea brasiliensis Marchand;41,3802852
43;1857;Zanthoxylum rhoifolium Lam.;29,15718557
43;1858;Cupania vernalis Cambess.;9,294648677
43;1859;Lamanonia ternata Vell.;24,03239641
43;1860;Styrax leprosus Hook. & Arn.;17,37971979
43;1861;Casearia decandra Jacq.;5,156620156
43;1862;Jacaranda puberula Cham.;6,525352667
43;1863;Prunus myrtifolia (L.) Urb.;17,85718461
43;1864;Solanum sanctaecatharinae Dunal;8,212395064
43;1865;Ilex brevicuspis Reissek;21,42225534
43;1866;Podocarpus lambertii Klotzsch ex Endl.;22,44084698
43;1867;Jacaranda puberula Cham.;9,390141642
43;1868;Vernonanthura discolor (Spreng.) H.Rob.;32,11746752
43;1869;Dicksonia sellowiana Hook.;15,88366332
43;1870;Dicksonia sellowiana Hook.;14,38760686
43;1871;Casearia decandra Jacq.;7,034648485
43;1872;Vernonanthura discolor (Spreng.) H.Rob.;34,18648178
43;1873;Dicksonia sellowiana Hook.;17,82535363
43;1874;Sapium glandulosum (L.) Morong;14,64225476
43;1875;Casearia decandra Jacq.;10,6315502
43;1876;Myrsine umbellata Mart.;17,00969525
43;1877;Ilex brevicuspis Reissek;14,73774773
43;1878;Zanthoxylum kleinii (R.S.Cowan) P.G.Waterman;9,963099438
43;1879;Vernonanthura discolor (Spreng.) H.Rob.;19,51239602
44;1440;Matayba elaeagnoides Radlk.;7,193803428
44;1441;Schinus terebinthifolius Raddi;7,257465405
44;1442;Matayba elaeagnoides Radlk.;7,161972439
44;1443;Matayba elaeagnoides Radlk.;54,28136539
44;1444;Blepharocalyx salicifolius (Kunth) O.Berg;5,53859202
44;1446;Matayba elaeagnoides Radlk.;7,289296394
44;1447;Inga sessilis (Vell.) Mart.;23,3101092
44;1448;Matayba elaeagnoides Radlk.;10,37475396
44;1449;Matayba elaeagnoides Radlk.;7,098310462
44;1450;Matayba elaeagnoides Radlk.;9,165611436
44;1452;Machaerium paraguariense Hassl.;5,697746963
44;1453;Matayba elaeagnoides Radlk.;5,188451145
44;1454;Lithraea brasiliensis Marchand;7,734930234
44;1455;Symplocos uniflora (Pohl) Benth.;7,289296394
44;1456;Schinus terebinthifolius Raddi;17,89348951
44;1457;Schinus terebinthifolius Raddi;9,667873535
44;1458;Schinus terebinthifolius Raddi;6,970986507
44;1459;Schinus terebinthifolius Raddi;5,53859202
44;1460;Schinus terebinthifolius Raddi;10,2829367
44;1461;Schinus terebinthifolius Raddi;7,862254189
44;1462;Schinus terebinthifolius Raddi;15,5881197
44;1463;Acca sellowiana (O.Berg) Burret;6,44606992
44;1464;Schinus terebinthifolius Raddi;8,658028904
44;1465;Blepharocalyx salicifolius (Kunth) O.Berg;7,989578143
44;1466;Symplocos uniflora (Pohl) Benth.;7,161972439
44;1467;Schinus terebinthifolius Raddi;6,334366735
44;1468;Schinus terebinthifolius Raddi;9,428476382
44;1469;Annona rugulosa (Schltdl.) H.Rainer;13,45912669
44;1470;Matayba elaeagnoides Radlk.;37,05127075
44;1471;Lithraea brasiliensis Marchand;5,856901906
44;1472;Schinus terebinthifolius Raddi;7,512113314
44;1473;Schinus terebinthifolius Raddi;7,60760628
44;1474;Schinus terebinthifolius Raddi;11,97496853
44;1475;Schinus terebinthifolius Raddi;7,544011456
44;1476;Schinus terebinthifolius Raddi;9,708451529
44;1477;Schinus terebinthifolius Raddi;9,103662745
44;1478;Lithraea brasiliensis Marchand;8,757282906
44;1479;Lithraea brasiliensis Marchand;6,175211792
44;1480;Lithraea brasiliensis Marchand;17,76140642
44;1481;Matayba elaeagnoides Radlk.;6,334366735
44;1482;Campomanesia xanthocarpa O.Berg;6,003327829
44;1483;Inga sessilis (Vell.) Mart.;20,89880763
44;1484;Allophylus guaraniticus (A.St.-Hil.) Radlk.;14,92890334
44;1485;Inga sessilis (Vell.) Mart.;14,97633638
44;1486;Inga sessilis (Vell.) Mart.;5,635613385
44;1487;Blepharocalyx salicifolius (Kunth) O.Berg;5,200252293
44;1488;Blepharocalyx salicifolius (Kunth) O.Berg;5,474930042
45;1499;Matayba elaeagnoides Radlk.;11,53498988
45;1500;Matayba elaeagnoides Radlk.;12,81350506
45;1501;Matayba elaeagnoides Radlk.;8,53070495
45;1502;Campomanesia xanthocarpa O.Berg;10,18591636
45;1503;Allophylus guaraniticus (A.St.-Hil.) Radlk.;6,334366735
45;1504;Matayba elaeagnoides Radlk.;8,021409132
45;1505;Matayba elaeagnoides Radlk.;6,493521678
45;1506;Machaerium paraguariense Hassl.;8,085071109
45;1507;Myrcia palustris DC.;10,67857323
45;1508;Myrsine coriacea (Sw.) Roem. & Schult.;10,02676141
45;1510;Styrax leprosus Hook. & Arn.;14,40973772
45;1511;Styrax leprosus Hook. & Arn.;15,62152588
45;1512;Matayba elaeagnoides Radlk.;26,83352341
45;1513;Matayba elaeagnoides Radlk.;27,17488511
45;1514;Sapium glandulosum (L.) Morong;19,09859317
45;1515;Oreopanax fulvus Marchal;13,59723562
45;1516;Dasyphyllum tomentosum (Spreng.) Cabrera;11,80929678
45;1517;Allophylus guaraniticus (A.St.-Hil.) Radlk.;8,45632614
45;1518;Schinus terebinthifolius Raddi;9,390141642
45;1519;Matayba elaeagnoides Radlk.;7,161972439
45;1520;Casearia decandra Jacq.;9,071831756
45;1521;Ilex theezans Mart. ex Reissek;6,525352667
45;1522;Duranta vestita Cham.;7,919841662
45;1523;Duranta vestita Cham.;6,953231565
45;1524;Allophylus guaraniticus (A.St.-Hil.) Radlk.;5,634084985
45;1525;Matayba elaeagnoides Radlk.;7,257465405
45;1526;Duranta vestita Cham.;8,362164892
45;1527;Matayba elaeagnoides Radlk.;27,57329877
45;1528;Duranta vestita Cham.;7,925916166
45;1529;Dasyphyllum tomentosum (Spreng.) Cabrera;14,43555513
45;1530;Matayba elaeagnoides Radlk.;9,517465597
45;1531;Cupania vernalis Cambess.;9,581127574
45;1532;Dasyphyllum tomentosum (Spreng.) Cabrera;15,88366332
45;1533;Duranta vestita Cham.;5,347606088
45;1534;Matayba elaeagnoides Radlk.;8,53070495
45;1535;Cupania vernalis Cambess.;7,734930234
45;1536;Escallonia bifida Link. & Otto;9,67662054
45;1537;Escallonia bifida Link. & Otto;11,49098689
45;1538;Allophylus guaraniticus (A.St.-Hil.) Radlk.;7,536553744
46;1539;Myrsine coriacea (Sw.) Roem. & Schult.;5,347606088
46;1540;Dasyphyllum tomentosum (Spreng.) Cabrera;7,60760628
46;1541;Allophylus guaraniticus (A.St.-Hil.) Radlk.;6,977959675
46;1542;Matayba elaeagnoides Radlk.;5,443099054
46;1543;Matayba elaeagnoides Radlk.;9,167324722
46;1544;Matayba elaeagnoides Radlk.;7,225634416
46;1545;Banara tomentosa Clos;9,008169779
46;1546;Matayba elaeagnoides Radlk.;8,118399888
46;1547;Matayba elaeagnoides Radlk.;8,562535938
46;1548;Matayba elaeagnoides Radlk.;6,90732453
46;1549;Myrsine coriacea (Sw.) Roem. & Schult.;8,307888029
46;1550;Cupania vernalis Cambess.;7,766761223
46;1551;Cupania vernalis Cambess.;7,052557625
46;1552;Lithraea brasiliensis Marchand;12,11105328
46;1553;Myrsine coriacea (Sw.) Roem. & Schult.;14,86507168
46;1554;Cupania vernalis Cambess.;7,629948393
46;1555;Blepharocalyx salicifolius (Kunth) O.Berg;6,279423942
46;1556;Matayba elaeagnoides Radlk.;10,15408537
46;1557;Ocotea pulchella Mart.;16,75329372
46;1558;Matayba elaeagnoides Radlk.;5,825070917
46;1559;Solanum sanctaecatharinae Dunal;6,079718826
46;1560;Matayba elaeagnoides Radlk.;21,99521314
46;1561;Cupania vernalis Cambess.;5,650247052
46;1562;Cupania vernalis Cambess.;13,55723621
46;1563;Cupania vernalis Cambess.;9,835775483
46;1564;Cupania vernalis Cambess.;7,804047045
46;1565;Cupania vernalis Cambess.;5,754546242
46;1566;Lithraea brasiliensis Marchand;8,689859893
46;1567;Lithraea brasiliensis Marchand;7,671268257
46;1568;Duranta vestita Cham.;8,021409132
46;1569;Duranta vestita Cham.;7,953735439
46;1570;Allophylus guaraniticus (A.St.-Hil.) Radlk.;14,23589144
46;1571;Myrcia guianensis (Aubl.) DC.;6,662264699
46;1572;Myrtaceae sp.;9,712625187
46;1573;Matayba elaeagnoides Radlk.;9,411051283
46;1574;Lithraea brasiliensis Marchand;7,225634416
46;1575;Allophylus guaraniticus (A.St.-Hil.) Radlk.;6,531870882
46;1576;Dasyphyllum tomentosum (Spreng.) Cabrera;14,80140971
46;1577;Zanthoxylum rhoifolium Lam.;10,55008814
46;1578;Blepharocalyx salicifolius (Kunth) O.Berg;11,73117688
46;1579;Machaerium paraguariense Hassl.;10,02029208
46;1580;Matayba elaeagnoides Radlk.;6,302535746
46;1581;Lithraea brasiliensis Marchand;7,703099246
46;1582;Lithraea brasiliensis Marchand;16,72242131
46;1583;Matayba elaeagnoides Radlk.;9,199155711
46;1584;Casearia decandra Jacq.;7,480282325
46;1585;Casearia decandra Jacq.;12,82461011
46;1586;Lithraea brasiliensis Marchand;9,199155711
46;1587;Machaerium paraguariense Hassl.;11,26816997
46;1588;Dasyphyllum tomentosum (Spreng.) Cabrera;12,70056446
46;1589;Blepharocalyx salicifolius (Kunth) O.Berg;6,016056849
46;1590;Dasyphyllum tomentosum (Spreng.) Cabrera;19,64776636
46;1591;Lithraea brasiliensis Marchand;9,288760259
47;1593;Casearia obliqua Spreng.;17,3478888
47;1595;Dicksonia sellowiana Hook.;17,37971979
47;1596;Matayba elaeagnoides Radlk.;20,53098766
47;1597;Lithraea brasiliensis Marchand;12,92338138
47;1598;Banara tomentosa Clos;8,985251557
47;1599;Banara tomentosa Clos;5,283944111
47;1601;Dasyphyllum tomentosum (Spreng.) Cabrera;22,44084698
47;1602;Matayba elaeagnoides Radlk.;11,10901503
47;1603;Matayba elaeagnoides Radlk.;29,02986162
47;1604;Allophylus guaraniticus (A.St.-Hil.) Radlk.;8,562535938
47;1605;Solanum sanctaecatharinae Dunal;5,634084985
47;1606;Solanum sanctaecatharinae Dunal;12,44591655
47;1608;Allophylus guaraniticus (A.St.-Hil.) Radlk.;5,347606088
47;1609;Nectandra lanceolata Nees;26,43959786
47;1610;Allophylus guaraniticus (A.St.-Hil.) Radlk.;7,11563222
47;1611;Sebastiania brasiliensis Spreng.;9,199155711
47;1612;Dicksonia sellowiana Hook.;18,93943823
47;1613;Dicksonia sellowiana Hook.;16,83859298
47;1614;Dicksonia sellowiana Hook.;22,12253709
47;1615;Dicksonia sellowiana Hook.;15,78817035
47;1616;Cupania vernalis Cambess.;16,07464925
47;1617;Banara tomentosa Clos;5,315775099
47;1618;Dalbergia frutescens (Vell.) Britton;11,01352206
47;1619;Annona rugulosa (Schltdl.) H.Rainer;14,02970458
47;1621;Dicksonia sellowiana Hook.;16,42479013
47;1623;Cinnamomum amoenum (Nees & Mart.) Kosterm.;5,283944111
47;1624;Ocotea pulchella Mart.;5,220282133
47;1625;Lithraea brasiliensis Marchand;13,40084621
47;1626;Dicksonia sellowiana Hook.;19,8625369
48;1627;Sebastiania commersoniana (Baill.) L.B. Sm. & Downs;7,225634416
48;1628;Myrsine umbellata Mart.;5,06112719
48;1629;Allophylus guaraniticus (A.St.-Hil.) Radlk.;6,748169587
48;1630;Cupania vernalis Cambess.;24,35070629
48;1631;Lithraea brasiliensis Marchand;17,47521275
48;1632;Dasyphyllum tomentosum (Spreng.) Cabrera;8,116902098
48;1633;Sebastiania commersoniana (Baill.) L.B. Sm. & Downs;5,53859202
48;1635;Banara tomentosa Clos;5,06112719
48;1636;Styrax leprosus Hook. & Arn.;18,87577625
48;1637;Oreopanax fulvus Marchal;8,944507802
48;1638;Cupania vernalis Cambess.;8,562535938
48;1639;Dasyphyllum tomentosum (Spreng.) Cabrera;10,98169107
48;1640;Blepharocalyx salicifolius (Kunth) O.Berg;14,45126883
48;1641;Cupania vernalis Cambess.;8,244226052
48;1642;Allophylus guaraniticus (A.St.-Hil.) Radlk.;5,443099054
48;1643;Duranta vestita Cham.;12,3605512
48;1644;Oreopanax fulvus Marchal;5,315775099
48;1645;Prunus myrtifolia (L.) Urb.;12,8597194
48;1646;Lithraea brasiliensis Marchand;15,9473253
48;1647;Allophylus guaraniticus (A.St.-Hil.) Radlk.;15,33067786
48;1648;Lithraea brasiliensis Marchand;36,64075871
49;1649;Dasyphyllum tomentosum (Spreng.) Cabrera;47,07271594
49;1650;Nectandra megapotamica (Spreng.) Mez;27,03983935
49;1651;Lithraea brasiliensis Marchand;25,59211485
49;1652;Escallonia bifida Link. & Otto;19,60788899
49;1653;Sebastiania commersoniana (Baill.) L.B. Sm. & Downs;5,283944111
49;1654;Lithraea brasiliensis Marchand;8,75352187
49;1655;Citronella paniculata (Mart.) R.A.Howard;6,970986507
49;1656;Xylosma ciliatifolia (Clos) Eichler;5,315775099
49;1657;Jacaranda puberula Cham.;5,252113122
49;1658;Sebastiania brasiliensis Spreng.;12,47523004
49;1659;Allophylus guaraniticus (A.St.-Hil.) Radlk.;6,652676621
49;1660;Vernonanthura discolor (Spreng.) H.Rob.;18,08000154
49;1661;Ocotea pulchella Mart.;43,48921561
49;1662;Duranta vestita Cham.;11,70627613
49;1663;Sebastiania brasiliensis Spreng.;14,79648022
49;1665;Scutia buxifolia Reissek;12,70056446
49;1666;Oreopanax fulvus Marchal;22,53633994
49;1667;Xylosma tweediana (Clos) Eichler;5,825070917
49;1668;Sebastiania commersoniana (Baill.) L.B. Sm. & Downs;7,512113314
49;1669;Allophylus guaraniticus (A.St.-Hil.) Radlk.;12,57070183
49;1671;Allophylus guaraniticus (A.St.-Hil.) Radlk.;5,283944111
49;1672;Machaerium paraguariense Hassl.;12,61913038
49;1673;Myrsine umbellata Mart.;8,626197916
49;1674;Sebastiania commersoniana (Baill.) L.B. Sm. & Downs;6,429859701
49;1675;Myrsine umbellata Mart.;6,90732453
49;1676;Dasyphyllum spinescens (Less.) Cabrera;20,24450876
49;1677;Matayba elaeagnoides Radlk.;42,71718673
50;1900;Xylosma ciliatifolia (Clos) Eichler;8,276057041
50;1901;Matayba elaeagnoides Radlk.;8,276057041
50;1902;Xylosma ciliatifolia (Clos) Eichler;7,785589131
50;1903;Matayba elaeagnoides Radlk.;5,76140894
50;1904;Solanum pabstii L.B.Sm. & Downs;11,65014183
50;1905;Dalbergia frutescens (Vell.) Britton;6,43560877
50;1906;Dalbergia frutescens (Vell.) Britton;7,56118318
50;1907;Casearia obliqua Spreng.;7,862254189
50;1908;Escallonia bifida Link. & Otto;9,230986699
50;1909;Escallonia bifida Link. & Otto;12,5732405
50;1910;Escallonia bifida Link. & Otto;14,73774773
50;1911;Dalbergia frutescens (Vell.) Britton;15,9518674
50;1912;Dalbergia frutescens (Vell.) Britton;8,103347006
50;1913;Inga sessilis (Vell.) Mart.;6,111549815
50;1914;Inga sessilis (Vell.) Mart.;9,576261802
50;1915;Inga sessilis (Vell.) Mart.;11,36303878
50;1916;Matayba elaeagnoides Radlk.;14,42611167
50;1917;Matayba elaeagnoides Radlk.;42,30413833
50;1918;Machaerium paraguariense Hassl.;5,506761031
50;1919;Machaerium paraguariense Hassl.;5,379437077
50;1920;Ocotea pulchella Mart.;6,843662553
50;1921;Matayba elaeagnoides Radlk.;7,321127382
50;1922;Matayba elaeagnoides Radlk.;5,920563883
50;1923;Matayba elaeagnoides Radlk.;8,116902098
50;1924;Matayba elaeagnoides Radlk.;8,148733086
50;1925;Inga sessilis (Vell.) Mart.;11,88319487
50;1926;Allophylus guaraniticus (A.St.-Hil.) Radlk.;14,47680221
50;1927;Inga sessilis (Vell.) Mart.;18,06811705
50;1928;Inga sessilis (Vell.) Mart.;12,8788117
50;1929;Mimosa scabrella Benth.;28,20225592
50;1960;Roupala montana Aubl.;11,61831085
50;1961;Inga sessilis (Vell.) Mart.;8,562535938
50;1962;Inga sessilis (Vell.) Mart.;7,488743229
50;1963;Inga sessilis (Vell.) Mart.;10,78032456
50;1964;Inga sessilis (Vell.) Mart.;5,665915974
